Nama_Mahasiswa,Kehadiran,Nilai_Tugas,Nilai_UTS,UAS,Nilai_akhir
Ayu,19.28,52.14,57.65,39.96,40.65
Dinda,91.23,0,0,86.06,16.45
Rani,55.47,44.95,37.32,68.56,46.87
Budi,84.38,7.38,6.82,57.89,38.01
Andi,38.8,79.66,100,22.48,70.94
Sari,90.6,40.65,53.62,22.48,64.52
Eka,45.03,34.02,48.64,14.65,42.81
Rizki,10.98,48.19,35.87,79.29,29.61
Fitri,91.48,100,99.68,58.09,98.92
Tono,18.22,78.66,66.58,66.65,50.86
Nina,38.74,76.03,100,11.65,71.94
Bayu,95.51,0,0,87.59,22.65
Wulan,95.55,29.23,22.37,76.6,53.7
Riko,61.61,0,0,26.99,12.48
Dewi,66.87,41.81,54,24.55,55.49
Fajar,50.36,100,100,24.67,96.76
Lia,36.39,46.12,53.96,34.34,44.58
Rian,39.58,0,0,51.98,13.51
Putri,70.53,0,0,44.56,12.79
Yusuf,77.71,21.13,24.99,33.3,44.92
Maya,81.24,0,0,58.95,24.4
Dina,81.07,0,0,21.16,12.1
Rafi,18.21,100,100,33.37,78.06
Lina,54.5,46.49,51.74,39.31,51.27
Galih,15.18,49.05,50.81,46.49,36.03
Rosa,59.46,100,99.26,72.81,91.01
Tari,49.74,0.81,1.03,25.97,20.45
Hadi,89.89,100,99.55,51.14,96.03
Sinta,41.58,37.38,34.71,57.39,38.26
Joko,20.54,100,100,13.72,89.96
Ayu,22.87,95.8,87.9,58.6,64.26
Dinda,78.54,76.67,99.94,23.64,84.4
Rani,65.64,99.54,100,15.2,98.56
Budi,19.1,55.67,38.73,85.91,35.96
Andi,17.57,100,100,87.25,96.5
Sari,73.09,29.61,23.11,74.67,45.05
Eka,16.55,58.51,68.43,34.37,44.7
Rizki,83.97,9.85,13.63,17.81,40.63
Fitri,73.56,52.44,45.24,64.74,58.73
Tono,17.32,27.56,28.91,45.21,23.87
Nina,17.64,74.66,100,19.76,59.83
Bayu,98.8,31.99,32.11,49.61,58.75
Wulan,43.68,82.86,100,12.75,78.57
Riko,43.36,100,94.34,82.75,85.03
Dewi,83.15,24.67,29.93,30.7,49.64
Fajar,95.25,0,0,63,37.21
Lia,98.74,0,0,34.94,33.34
Rian,77.8,0,0,51.61,27.52
Putri,43.86,0,0,53.74,15.19
Yusuf,17.52,49.25,63.46,24.79,40.82
Maya,79.94,4.64,3.17,87.57,34.32
Dina,60.26,100,100,72.01,96.98
Rafi,48.18,80.19,56.21,85.16,60.19
Lina,91.57,8.92,6.49,81.59,41.25
Galih,20.01,93.93,86.85,57.83,62.24
Rosa,54.34,1.55,1.1,83.75,22.53
Tari,11.02,63.42,88.42,17.08,49.96
Hadi,52.18,66.59,85.03,25.68,66.36
Sinta,15.07,65.41,94.5,13.62,54
Joko,20.69,58.73,67.55,36.03,46.16
Ayu,20.58,100,100,41.09,99.45
Dinda,68.43,93.67,100,31.71,89.23
Rani,77.14,66.48,51.03,76.3,66.11
Budi,62.5,56.94,63.86,38.54,61.24
Andi,96.6,41.39,49.34,32.47,65.86
Sari,43.74,18.01,17.4,53.42,28.12
Eka,35.71,44.64,59.61,21.27,45.56
Rizki,88.17,0,0,74.18,13.55
Fitri,30.12,56.36,79.48,15.96,52.8
Tono,96.69,40.21,27.1,88.95,58.87
Nina,11.09,48.17,38.71,71.78,30.5
Bayu,97.29,84.79,100,25.9,96.76
Wulan,13.88,100,100,10.44,91.85
Riko,90.2,73.03,56.67,75.24,74.99
Dewi,57.49,63.17,53.51,66.55,58
Fajar,99.37,88.33,73.51,68.32,88.3
Lia,16.64,27.9,22.44,71.7,21.76
Rian,59.85,79.1,100,15.92,81.15
Putri,97.24,0,0,38.68,21.23
Yusuf,57.08,82.73,100,19.27,81.48
Maya,66.65,15.58,11.62,79.05,34.82
Dina,72.62,100,94.9,59.86,88.94
Rafi,50.91,100,100,36.47,94.96
Lina,66.48,0,0,15.08,23.39
Galih,62.59,40.99,47.69,34.88,51.64
Rosa,91.1,95.88,100,36.01,98.29
Tari,14.09,87.12,72.46,68.37,53.51
Hadi,35.29,100,100,61,87.72
Sinta,95.54,47.69,34.89,80.98,62.99
Joko,90.12,12.74,13.03,47.78,43.78
Ayu,51.01,21.64,29.41,19.57,35.72
Dinda,65.81,3.56,3,67.06,28.29
Rani,34.96,100,96.4,70.86,78.56
Budi,26.93,58.09,55.31,54.9,44.79
Andi,51.73,65.24,52.48,71.68,56.01
Sari,41.8,62.49,62.81,49.5,54.31
Eka,62.53,62.14,61.02,51.82,61.96
Rizki,17,100,100,44.2,87.9
Fitri,97.7,79.92,100,12.03,98.27
Tono,98.76,10.08,13.84,18.63,46.68
Nina,72.83,74.96,100,12.51,84.48
Bayu,58.25,97.56,87.47,60.91,78.81
Wulan,37.86,71.71,83.21,35.15,61.62
Riko,83.24,100,100,50.69,96.04
Dewi,71.63,0,0,82.61,28.04
Fajar,24.64,14.96,18.29,29.94,19.83
Lia,91.98,80.46,86.44,42.83,86.86
Rian,84.03,29.22,23.8,70.44,49.52
Putri,95.48,71.38,88.75,28.3,86.23
Yusuf,75.31,83.43,100,16.16,90.38
Maya,65.21,0,0,33.18,15.62
Dina,47.64,100,100,22.9,89.51
Rafi,93.95,24.94,17.63,84.38,50.35
Lina,87.95,38.86,30.34,74.65,55.94
Galih,14.07,100,95.87,60.67,66.39
Rosa,12.37,100,100,79.72,93.37
Tari,43.88,0,0,74.29,11.72
Hadi,82.95,28.78,37.02,24.93,52.92
Sinta,98.85,62.38,45.45,81.4,71.89
Joko,23.54,100,100,53.15,75.04
Ayu,63.47,87.86,68.62,74.6,72.33
Dinda,44.28,8.47,6.15,81.69,22.1
Rani,97.29,0,0,35.44,36.95
Budi,85.79,11.2,15.34,18.8,42.28
Andi,85.45,71.62,89.11,28.23,82.4
Sari,52.18,23.01,24.39,44.17,35.09
Eka,47.33,18.84,14.59,75.44,28.96
Rizki,34.61,100,100,78.86,96.17
Fitri,15.07,6.38,9.52,10.56,10.8
Tono,87.83,100,100,50.86,99.8
Nina,83.16,60.67,64.82,43.39,70.91
Bayu,99.97,66.03,82.54,27.77,84.56
Wulan,99.7,0,0,19.59,36.52
Riko,59.99,0,0,37.01,11.29
Dewi,79.21,87.75,61.34,85.43,76.41
Fajar,95.03,72.88,83.98,35.86,85.07
Lia,86.47,70.61,69.56,51.5,76.64
Rian,32.26,17.94,15.25,66.24,22.86
Putri,50.55,90.75,100,39.09,77.81
Yusuf,21.62,100,95.4,87.74,79.2
Maya,95.86,61.08,42.01,87,69.27
Dina,64.56,79.75,97.33,30.14,78.95
Rafi,30.58,100,100,49.78,86.13
Lina,70.45,56.82,66.65,34.07,65.22
Galih,65.63,0,0,32.79,17.97
Rosa,42.23,50.24,73.09,12.95,53.89
Tari,20.22,15.49,14.19,58.77,16.99
Hadi,70.44,30.87,30.81,50.21,46.68
Sinta,56.83,32.7,47,14.12,46.64
Joko,79.51,0,0,32.29,15.94
Ayu,56.81,36.19,26.03,82.66,41.39
Dinda,86.7,0,0,29.16,19.99
Rani,59.67,84.18,100,21.59,82.74
Budi,60.48,100,100,49.16,95.29
Andi,88.9,0,0,88.85,16.51
Sari,46.31,100,100,29.36,95.96
Eka,22.06,85.88,74.81,63.77,57.03
Rizki,12.59,58.77,47.64,70.93,36.96
Fitri,77.96,0,0,29.01,16.92
Tono,65.83,52.25,43.51,68.26,55.06
Nina,73.37,82.34,91.53,39.42,81.51
Bayu,29.17,100,97.82,60.58,73.64
Wulan,22.27,9.85,8.85,60.68,14.52
Riko,11.31,20.35,19.77,52.86,16.56
Dewi,41.55,41.3,57.5,17.22,46.26
Fajar,63.09,21.44,16.37,76.82,36.58
Lia,45.3,19.79,22.84,35.66,30.91
Rian,49.37,22.66,29.15,24.92,35.29
Putri,91.37,62.26,90.28,13.26,82.31
Yusuf,41.34,100,100,57.27,93.63
Maya,56.26,42.76,37.09,64.21,46.46
Dina,80.53,79.77,100,11.33,91.55
Rafi,45.69,34.59,34.26,50.97,38.93
Lina,65.99,39.31,48.97,28.12,52.88
Galih,87.61,0,0,61.61,30.34
Rosa,95.46,42.7,55.49,23.95,67.64
Tari,23.24,100,100,65.28,98.11
Hadi,93.39,42.89,46.96,40.94,64.31
Sinta,54.29,40.1,28.18,84.94,42.2
Joko,33.24,78.38,100,21,68.3
Ayu,51.32,0.83,0.94,37.29,21.06
Dinda,98.2,71.44,97.56,19.08,89.98
Rani,54.34,65.4,46.41,83.98,55.28
Budi,39.59,66.38,48.97,80.19,50.44
Andi,67.01,54.08,65.67,30.64,62.73
Sari,31.61,95.03,83.59,62.8,66.23
Eka,16.83,18.27,14.16,75.38,16.46
Rizki,21.6,100,100,54.42,71.44
Fitri,21.52,39.06,38.15,52.37,31.77
Tono,23.67,96.84,100,29.35,74.26
Nina,22.49,100,100,17.45,84.03
Bayu,67.68,100,77.51,81.78,82.36
Wulan,26.37,95.1,68.84,82.03,59.73
Riko,41.11,70.88,63.71,60.65,56.82
Dewi,90.71,0,0,37.12,22.86
Fajar,52.66,91.96,100,37.94,79.78
Lia,70.08,11.63,9.7,68.08,34.43
Rian,25.51,85.94,62.38,81.77,54.7
Putri,27.31,47.46,34.73,80.97,35.58
Yusuf,13.68,30.7,24.52,72.39,22.04
Maya,25.2,99.66,88.94,61.36,66.66
Dina,35.07,1.2,1.68,16.73,14.89
Rafi,25.93,96.56,100,22.93,77.38
Lina,17.98,60.65,43.97,81.88,38.58
Galih,20.86,2.89,2.66,58.51,10.01
Rosa,51.47,47.43,70.61,10.74,56
Tari,28.57,3.91,5.4,18.12,14.22
Hadi,42.78,31.51,27.65,63.08,34.86
Sinta,55.31,68.85,100,10.4,73.63
Joko,72.14,0,0,22.86,15.64
Ayu,13.54,100,100,53.9,85.54
Dinda,81.95,0,0,65.35,10.34
Rani,66.51,9.91,8.78,62.16,32.21
Budi,17.36,100,100,27.94,76.68
Andi,88.62,5.45,4.59,66.97,38.46
Sari,92.88,0,0,28.98,19.17
Eka,15.5,56.15,64.58,36.03,42.42
Rizki,34.92,37.3,30.61,69.72,34.34
Fitri,82.56,93.3,82.76,61.97,85.84
Tono,77.34,13.8,10.42,77.94,38.2
Nina,26.61,100,100,62.61,81
Bayu,28.84,100,100,55.46,90.27
Wulan,43.34,44.25,61.43,17.49,49.04
Riko,53.61,100,100,39.42,91.89
Dewi,65.64,26.74,32.28,31.22,43.96
Fajar,43.2,100,100,29.52,96.77
Lia,51.63,0,0,87.84,18.04
Rian,77.27,65.29,71.12,41.45,71.83
Putri,13.3,94.7,69.03,81.36,54.44
Yusuf,32.72,55.78,50.22,60.49,44.89
Maya,74.2,69.42,54.78,73.58,66.94
Dina,90.57,61.94,61.8,50.21,73.35
Rafi,56.05,0,0,56.15,10.39
Lina,57.89,3.11,3.13,49.4,25.03
Galih,19.65,97.04,100,25.62,74.17
Rosa,50.27,90.5,75.71,67.8,69.97
Tari,57.94,100,100,32.46,96.94
Hadi,31.82,88.75,100,11.95,78.49
Sinta,34.23,100,100,61.64,95.57
Joko,43.96,80.77,100,24.17,73.23
Ayu,11.81,62.92,44.07,85.24,36.82
Dinda,38.99,7.65,5.3,86.31,19.48
Rani,29.03,100,95.57,83.19,80.36
Budi,39.47,82.45,91.49,39.61,67.97
Andi,20.78,8.1,11.99,11.24,14.34
Sari,90.15,12.38,8.76,84.27,42.4
Eka,63.42,100,100,44.25,96.11
Rizki,71.12,52.59,36.05,87.33,55.04
Fitri,81.03,32.67,22.45,87.09,48.95
Tono,54.86,55.63,41.86,78.24,51.19
Nina,17.82,33.15,39.09,33.56,28.8
Bayu,58.34,31.55,34.59,40.81,43.18
Wulan,62.82,34.5,26,78.09,43.28
Riko,77.09,0,0,35.35,14.71
Dewi,48.85,86.11,100,23.56,79.08
Fajar,21.48,66.3,63.36,54.54,47.49
Lia,35.54,100,96.02,84.89,84
Rian,42.68,100,100,65.68,86.53
Putri,68.13,3.13,2.96,55.6,29.08
Yusuf,61.37,62.37,86.33,17.77,69.16
Maya,42.05,62.22,56.75,59.2,52.51
Dina,98.79,99.06,66.59,89.2,89.21
Rafi,64.52,5.15,6.89,21.21,29.42
Lina,31.35,98.15,96.72,51.47,71
Galih,19.16,100,80.71,80.19,64.7
Rosa,23.76,49.47,40.78,69.26,36.58
Tari,32.14,16.96,14.48,65.76,22.29
Hadi,24.46,100,90.16,66.2,68.65
Sinta,26.79,100,100,38.76,76.47
Joko,35.66,36.92,43.57,33.49,38.41
Ayu,25.6,100,84.4,74.75,68.03
Dinda,90.71,17.38,13.54,74.81,45.56
Rani,17.22,100,95.7,79.37,74.19
Budi,57.21,9.8,7.02,83.06,27.93
Andi,46.94,100,100,50.91,90.12
Sari,98.41,0,0,50.12,35.87
Eka,20.08,65.42,51.47,73.86,43.1
Rizki,45.81,0,0,62,15.23
Fitri,97.25,0,0,66.16,20.04
Tono,87.9,39.64,31.26,73.66,56.43
Nina,83.54,1.28,0.93,81.2,34.08
Bayu,33.21,100,100,37.04,85.19
Wulan,25.38,1.85,2.04,40.05,11.32
Riko,70.18,22.4,31.09,17.52,44.12
Dewi,93.64,4.99,4.69,56.26,40.36
Fajar,60.11,0,0,12.88,11.74
Lia,61.45,0,0,47.25,21.19
Rian,35.2,56.19,54.31,53.41,47.23
Putri,79.25,34.54,40.99,32.92,54.36
Yusuf,26.83,61.59,57.27,57.27,46.39
Maya,39.13,57.03,83.4,12.44,57.78
Dina,48.29,60.09,87.39,12.99,63.56
Rafi,55.68,0,0,75.81,10.89
Lina,31.82,61.43,68.71,38.82,51.77
Galih,20.34,100,100,20.16,96.71
Rosa,64.96,51.67,50.75,51.78,56.71
Tari,35.98,100,84.13,71.6,70.98
Hadi,62.31,19.42,24.4,27.27,38.07
Sinta,23.89,100,100,59.83,79.66
Joko,53.3,80.97,100,16.83,79.56
Ayu,57.93,46.16,66.33,14.13,56.92
Dinda,14.66,100,100,52.51,97.84
Rani,40.29,8.78,8.5,53.25,21.3
Budi,22.1,4.73,4.24,60.99,11.53
Andi,15.7,100,100,68.09,79.31
Sari,99.1,85.31,58.03,88.07,82.64
Eka,39.01,8.75,8.64,51.3,20.82
Rizki,82.89,1.15,1.33,35.84,33.9
Fitri,32.92,0,0,73.61,11.58
Tono,71.34,11.91,14.31,31.67,36.4
Nina,78.42,78.39,82.31,45.12,79.58
Bayu,63.61,43.2,60.72,16.28,56.62
Wulan,52.44,27.48,40.36,12.03,41.33
Riko,47.07,48.65,33.46,87.01,43.46
Dewi,41.4,0,0,76.88,10.12
Fajar,93.66,0,0,65.68,36.98
Lia,84.76,55.05,59.21,42.72,68.18
Rian,96.85,85.4,100,23.86,97.68
Putri,21.19,100,100,22.51,86.24
Yusuf,75.78,0,0,30.02,12.12
Maya,94.45,90.23,86.74,53.94,90.87
Dina,26.31,100,100,67.17,80.49
Rafi,15.98,100,100,62.82,80.23
Lina,76.7,31.22,37.25,32.39,51.22
Galih,61.7,41.64,28.82,86.39,45.82
Rosa,85.76,5.4,4.46,69.03,37.26
Tari,22.58,11.71,11.21,54.35,15.91
Hadi,81.57,0,0,58.94,30.54
Sinta,28.15,33.76,36.01,43.57,32.19
Joko,24.73,65.45,80.14,29.82,53.57
Ayu,24.78,100,100,38.48,77.27
Dinda,83.31,35.51,28.87,70.63,52.64
Rani,69.87,0,0,11.15,15.21
Budi,57.08,100,100,19.29,96.2
Andi,42.29,100,100,13.68,94.85
Sari,88.95,61.34,88.96,13.26,80.67
Eka,45.32,100,100,78.44,99.22
Rizki,83.49,46.15,39.2,66.29,59
Fitri,49.52,100,100,47.93,96.65
Tono,43.92,0,0,17.83,16.8
Nina,51.64,36.97,37.21,49.33,42.91
Bayu,37.12,25.45,25.99,47.88,30.28
Wulan,77.28,0,0,23.86,27.62
Riko,55.24,0.93,0.98,44.71,22.67
Dewi,30.9,85.8,93.06,41.88,66.02
Fajar,90.96,76.62,69.83,59.27,80.32
Lia,44.55,77.7,69.73,60.81,62.05
Rian,58.92,0,0,13.62,23.23
Putri,91.58,73.4,81.16,39.97,83
Yusuf,66.18,71.37,64.53,60.07,67.24
Maya,20.52,61.28,61.13,50.25,44.93
Dina,94.58,62.53,46.93,78.52,70.67
Rafi,66.49,12.04,10.6,62.7,33.39
Lina,40.14,36.07,47.31,23.03,41.07
Galih,22.53,100,100,15.65,92.57
Rosa,81.46,6.28,5.6,61.39,36.15
Tari,65.81,35.09,51.49,12.12,52.3
Hadi,58.01,100,100,56.86,90.11
Sinta,90.45,73.53,51.51,85.22,73.69
Joko,80.97,0,0,56.04,15.6
Ayu,23.65,21.97,24.03,41.05,23.26
Dinda,38.05,0,0,61.46,10.71
Rani,32.36,88.23,91.22,46.66,66.78
Budi,76.96,33.1,31.92,53.65,50.29
Andi,13.02,33.09,23.15,85.32,22.08
Sari,61.29,100,100,40.89,96.21
Eka,78.62,51.77,35.64,86.9,57.67
Rizki,88.91,0,0,82.43,31.77
Fitri,40.79,56.7,72.41,25.66,55.05
Tono,83.91,51.88,73.47,15.55,71.17
Nina,19.96,12.43,17.16,18.06,16.86
Bayu,86.18,0.33,0.49,11.46,34.72
Wulan,21.47,100,100,17.56,82.63
Riko,45.76,59.14,51.08,64.64,51.37
Dewi,81.76,36.57,51.71,15.7,59.19
Fajar,23.49,61.15,70.7,35.52,48.95
Lia,30.63,3.22,2.44,77.59,13.95
Rian,75,0,0,11.86,24.92
Putri,74.8,37.86,29.4,75.16,50.1
Yusuf,67.7,2.66,3.17,32.55,28.83
Maya,72.46,0,0,19.45,14.5
Dina,58.85,100,95.8,65.74,85.93
Rafi,32.66,100,100,60.32,98.31
Lina,41.11,100,91.89,80.2,81.38
Galih,26.34,100,100,68.81,86.84
Rosa,91.76,0,0,74.28,31.78
Tari,62.51,100,100,32.56,96.46
Hadi,46.08,13.48,17.48,24.2,27.72
Sinta,51.58,100,100,70.05,95.63
Joko,95.26,100,89.81,74.55,99.53
Ayu,23.8,100,86.46,89.24,74.06
Dinda,62.76,100,100,43.01,98.3
Rani,55.53,61.75,68.41,39.76,61.26
Budi,65.03,13.6,10.89,72.11,33.36
Andi,11.63,69.72,79.21,37.26,49.33
Sari,88.49,54.75,38.66,84.46,63.42
Eka,93.89,0,0,78.67,16.58
Rizki,60.86,67.47,71.42,44.32,66.01
Fitri,72.7,100,100,70.07,98.31
Tono,93.02,0,0,70.36,27.11
Nina,73.65,72.73,100,18.25,81.33
Bayu,23.73,100,100,82.2,91.71
Wulan,61.87,100,100,50.42,94.93
Riko,64.6,100,100,76.12,96.41
Dewi,48.17,58.25,67.29,35.6,56.93
Fajar,76.28,100,94.63,81.64,97.96
Lia,94.09,64.55,70.53,41.14,78.16
Rian,93.3,0,0,10.87,24.55
Putri,50.58,63.31,45.65,82.43,52.92
Yusuf,20.19,92.82,100,17.3,74.65
Maya,98.64,0,0,35.55,32.26
Dina,85.5,65.81,45.73,86,67.66
Rafi,21.22,100,84.03,86.05,69.99
Lina,92.88,0,0,55.88,24.64
Galih,88.29,44.82,40.33,60.55,60.86
Rosa,56.7,92.67,96.57,45.88,79.45
Tari,63.21,45.28,53.44,33.46,54.9
Hadi,45.91,0,0,36.29,11.09
Sinta,14.93,8.62,7.51,63.8,10.81
Joko,40.17,47.82,39.05,70.19,42.13
Ayu,82.26,100,89.01,73.33,93.36
Dinda,10.42,49.12,38.92,73.17,30.58
Rani,40.01,71.22,99.07,17.3,67.09
Budi,45.84,19.38,19.47,49.55,29.99
Andi,58.37,21.4,30.61,14.6,38.95
Sari,92.79,83.63,80.38,53.96,86.32
Eka,41.17,96.25,100,45.32,75.6
Rizki,41.23,4.04,2.95,81.02,18.59
Fitri,76.38,28.25,31.84,38.07,48.58
Tono,50.7,0,0,19.37,12.63
Nina,30.21,58.86,78.46,21.44,53.28
Bayu,50.72,90.82,73.62,70.92,69.62
Wulan,22.68,20.24,18.42,59.46,20.67
Riko,25.87,35.93,49.57,18.09,36
Dewi,54.85,33.17,46.4,16.73,45.81
Fajar,47.7,100,100,66.08,92.76
Lia,92.34,86.3,100,15.82,99.39
Rian,42.62,0,0,75.75,14.04
Putri,62.25,96.69,81.95,66.5,78.49
Yusuf,66.9,23.17,32.49,16.51,43.46
Maya,11.18,56.77,79.39,16.79,45.32
Dina,69.72,99.54,67.1,88.93,77.88
Rafi,26.02,100,100,39.94,92.66
Lina,96.5,90.05,99.88,39.65,95.58
Galih,23.38,98.61,76.68,75.02,61.94
Rosa,47.32,45.61,31.77,85.78,42.14
Tari,17.68,100,99.1,88.88,80.88
Hadi,99.72,0,0,70.27,32.59
Sinta,55.2,61.29,67.68,40.1,60.77
Joko,63.58,23.39,32.74,16.68,42.27
Ayu,16.04,100,92.89,72.17,69.1
Dinda,77.5,1.09,1.04,54.67,31.64
Rani,28.89,25.35,26.93,43.94,27.24
Budi,90.82,100,78.6,82.51,92.64
Andi,28.46,10.94,14.98,18.9,19.16
Sari,27.16,74.24,74.68,49.41,55.54
Eka,13.29,32.94,48.94,10.91,29.88
Rizki,52.49,0,0,47.49,13.5
Fitri,60.84,0,0,14.5,13.24
Tono,15.91,27.41,37.27,19.51,25.77
Nina,79.8,79.18,100,19.4,88.01
Bayu,50.8,26.67,23.66,61.94,35.42
Wulan,57.2,100,100,69.68,95.54
Riko,49.67,73.16,68.44,56.67,62.35
Dewi,46.07,60.97,41.94,86.97,49.3
Fajar,60.37,60.26,66.61,39.99,62.21
Lia,23.97,71.48,84.89,32.86,56.5
Rian,26.37,100,96.26,79.49,78.29
Putri,87.56,0.59,0.73,27.89,35.42
Yusuf,95.15,7.33,5.04,87.06,41.77
Maya,43.6,97.97,100,10.97,90.47
Dina,34.37,100,100,87.59,95.18
Rafi,67.96,86.01,100,13.45,90.33
Lina,46.79,55.96,40.82,81.29,47.75
Galih,12.28,100,100,52.22,80.23
Rosa,24.05,86.3,57.87,89.44,52.87
Tari,74.44,34.57,48.78,15.9,54.78
Hadi,69.3,1.19,1.14,54.31,28.42
Sinta,12.44,100,78.82,87.54,63.2
Joko,29.98,24.82,24.37,51.85,26.75
Ayu,30.8,48.24,43.49,60.35,39.84
Dinda,70.47,100,90.27,65.66,86.95
Rani,11.77,39.16,40.61,46.36,28.64
Budi,19.37,15.16,13.68,60.2,16.4
Andi,81.99,0,0,56.75,16.21
Sari,26.07,100,100,82.09,94.67
Eka,68.75,38.35,55.39,13.64,55.62
Rizki,31.44,52.12,62.13,32.48,46.85
Fitri,18.95,100,100,86.03,82.98
Tono,31.89,100,100,81.22,85.22
Nina,75,16.21,16.79,46.45,39.9
Bayu,87.01,65.72,59.7,59.61,72.43
Wulan,84.72,69.1,82.61,32.19,79.4
Riko,45.75,73.84,94.89,25.05,68.92
Dewi,70.13,0,0,47.1,23.64
Fajar,28.45,100,100,38.27,88.83
Lia,36.38,75.73,70.83,56.69,58.52
Rian,90.67,0,0,16.22,35.42
Putri,11.17,86.86,59.15,87.95,48.27
Yusuf,17.7,12.54,8.46,88.9,13.38
Maya,28.71,18.03,15.39,65.85,21.51
Dina,12.39,100,100,52.89,78.9
Rafi,26.33,0,0,34.76,10
Lina,62.47,42.21,32.8,75.1,47.49
Galih,47.93,67.76,58.43,64.78,57.03
Rosa,90.34,0,0,23.01,14.92
Tari,83.57,100,89.35,82.87,97.58
Hadi,40.76,26.43,20.39,75.8,30.35
Sinta,33.35,47.28,32.86,85.98,37.38
Joko,44.17,35.77,29.84,68.06,37.35
Ayu,63.13,9.56,8.73,59.07,30.74
Dinda,34.13,0,0,43.46,10.13
Rani,66.17,96.14,67.77,84.62,75.64
Budi,46.85,100,100,79.29,97.02
Andi,59.68,8.61,12.45,13.62,30.19
Sari,49.25,67.51,99.06,12.11,69.67
Eka,36.5,98.5,100,40.12,76.77
Rizki,95.36,90.34,70.38,74.84,86.36
Fitri,78.72,32.96,22.21,88.98,48.04
Tono,22.61,40.45,53.6,22.03,37.26
Nina,88.16,6.95,6.44,57.53,39.28
Bayu,53.87,83.48,91.83,40.47,74.14
Wulan,90.51,93.66,64.02,87.59,83.51
Riko,81.99,0,0,77.37,26.35
Dewi,48.27,45.55,34.69,77.07,43.38
Fajar,12.02,100,100,47.5,91.17
Lia,34.18,100,100,43.19,82.6
Rian,58.75,100,100,31.87,98.64
Putri,67.01,70.02,100,14.51,77.88
Yusuf,33.21,61.32,45.7,79.18,45.39
Maya,22.54,100,78.95,75.03,63.16
Dina,85.14,70.86,47.25,89.98,69.49
Rafi,98.6,0,0,89.73,17.06
Lina,57.31,61.46,58.79,54.43,59
Galih,25.45,100,94.68,71.52,73.84
Rosa,34.51,22.1,15.42,85.58,25.06
Tari,11.66,100,100,77.97,80.26
Hadi,92.29,38.39,47.02,29.79,62.54
Sinta,20.6,100,100,46.04,95.7
Joko,61.89,0,0,20.33,13.82
Ayu,34.66,39.42,27.3,86.32,33.88
Dinda,59.88,69.82,64.14,58.49,64.14
Rani,68.63,13.73,17.07,28.29,36.69
Budi,84.68,72.01,62.75,63.74,74.3
Andi,28.58,100,100,59.45,78.31
Sari,10.99,23.32,26.13,38.65,19.23
Eka,22.32,66.68,91.06,19.08,56.25
Rizki,91,34.55,30.11,63.73,55.8
Fitri,88.65,13.07,12.86,51.62,43.24
Tono,63.77,100,100,71.79,93.96
Nina,64.05,98.89,97.31,51.61,84.48
Bayu,69.85,85.2,64.16,78.17,72.75
Wulan,25.78,100,100,54.15,74.29
Riko,92.3,24.98,23.79,54.88,51.55
Dewi,47.69,100,100,80.13,92.89
Fajar,44.48,87.68,94.72,42.28,72.51
Lia,56.7,75.3,100,20.72,75.61
Rian,14.23,100,100,12.3,87.55
Putri,24.97,45.33,36.94,70.41,34.67
Yusuf,76.42,90.96,82.61,59.62,82.64
Maya,17.45,37.12,31.52,66.33,27.57
Dina,64.28,22.67,28.55,27.04,41.08
Rafi,32.08,38.98,52.25,20.91,40.2
Lina,45.04,100,100,11.16,98.07
Galih,35.98,100,100,38.05,87.09
Rosa,42.01,97.22,90.47,57.19,73.11
Tari,74.71,72.65,79.2,41.38,75.44
Hadi,36.74,74.58,78.4,45,60.59
Sinta,60.98,100,98.99,82.33,95.24
Joko,52.84,52.48,59.26,37.86,54.66
Ayu,69.73,27.42,27.11,51.12,44.25
Dinda,94.31,0,0,72.69,24.67
Rani,75.93,80.5,87.46,41.72,80.76
Budi,29.34,100,100,59.77,76.1
Andi,12.81,75.31,56.24,78.99,44.59
Sari,33.6,0,0,85.96,12.27
Eka,63.56,86.01,100,21.77,85.51
Rizki,14.63,10.1,7.16,84.13,11.03
Fitri,54.67,85.5,86.04,49.37,73.33
Tono,63.72,100,100,30.66,97.32
Nina,40.08,54.69,56.51,46.73,49.39
Bayu,79.38,0,0,88.4,31.15
Wulan,19.59,100,100,49.41,73.44
Riko,16.76,100,100,36.3,83.54
Dewi,75.54,50.85,45.7,60.67,59.18
Fajar,54.59,100,100,29.21,97.03
Lia,71.96,0,0,16.07,14.65
Rian,49.13,50.78,68.48,20.31,55.43
Putri,32.18,87.66,100,20.24,74.66
Yusuf,83.72,77.69,100,22.15,87.64
Maya,81.95,0,0,21.11,26.13
Dina,72.52,93.3,83.34,61.27,82
Rafi,34.49,66.83,86.32,24.55,59.74
Lina,63.12,31.97,36.17,37.65,45.69
Galih,42.49,9.37,6.81,81.74,21.85
Rosa,18.24,100,100,47.92,87.88
Tari,92.56,0,0,63.4,24.15
Hadi,22.31,41.93,54.59,23.79,37.88
Sinta,95.52,0,0,25.38,36.1
Joko,50.14,93.03,100,13.27,88.43
Ayu,26.66,86.58,100,23.51,70.54
Dinda,58.77,88.4,100,32.29,81.7
Rani,88.57,0,0,24.16,32.54
Budi,75.9,49.96,69.64,17.1,66.24
Andi,82.59,40.18,54.56,19.65,61.46
Sari,69.29,93.89,96.89,46.86,84.95
Eka,72.3,92.12,100,26.51,91.55
Rizki,86.43,0,0,39.14,11.09
Fitri,32.47,96.25,95.99,50.27,70.66
Tono,54.05,0,0,65.23,14.67
Nina,29.91,64.49,93.63,13.14,59.4
Bayu,98.89,0,0,73.95,35.89
Wulan,94.97,0,0,60.23,37.61
Riko,13.55,50.45,70.72,16.54,41.77
Dewi,73.5,69.96,51.77,79.89,65.92
Fajar,93.27,5.36,3.81,83.67,40.06
Lia,26.25,89.92,100,14.89,75.94
Rian,61.12,33.34,39.87,32.15,46.41
Putri,92.39,0,0,74.5,16.15
Yusuf,13.06,100,100,69.86,80.54
Maya,72.77,9.63,12.41,24.76,35.72
Dina,36.76,50.44,63.71,26.75,48.95
Rafi,93.2,54.38,60.32,39.64,71.69
Lina,97.4,1.59,1.61,48.76,39.92
Galih,94.98,0,0,59.46,15.09
Rosa,52.68,35.66,39.6,39.51,43.65
Tari,87.58,98.45,100,47,95
Hadi,86.01,61.1,50.09,69.8,67.76
Sinta,38.72,74.6,100,12.93,70.43
Joko,84.6,49.66,60.57,30.19,66.91
Ayu,13.33,40.84,34.42,67.07,27.91
Dinda,63.66,42.82,31.13,81.62,47.65
Rani,30.7,100,100,50.93,77.58
Budi,20.85,18.2,17.74,52.57,19.12
Andi,16.93,39.67,54.46,18.57,35.01
Sari,72.67,9.47,9.87,45.79,34.87
Eka,40.59,55.12,53.7,52.61,48.88
Rizki,75.23,100,100,29.4,98.23
Fitri,15.88,14.72,17.71,31.54,16.08
Tono,38.38,65.5,72.26,40.18,56.68
Nina,58.55,3.66,5.4,11.61,26.14
Bayu,81.17,100,100,35.77,97.36
Wulan,38.69,6.96,8.78,26.92,20.2
Riko,66.33,30.7,35.26,36.2,46.32
Dewi,89.74,57.25,77.79,19.58,76.41
Fajar,65.43,91.03,66.43,81.24,73.41
Lia,30.97,61.66,57.21,57.49,48.05
Rian,12.2,64.85,56.18,64.33,41.19
Putri,88.31,19.46,15.43,73.13,45.79
Yusuf,11.91,48.33,48.39,49.88,33.78
Maya,88.72,0,0,16.95,28.48
Dina,57.6,51.47,49.96,52.97,53.47
Rafi,94.52,0,0,56.95,34.17
Lina,81.89,5.7,4.68,69.64,35.87
Galih,99.81,47.31,49.97,44.53,69.11
Rosa,41.56,100,100,20.21,97.17
Tari,79.05,49.8,59.23,32.7,64.33
Hadi,46.17,0,0,39.05,16.93
Sinta,53.19,0,0,61.67,16.8
Joko,66.48,100,100,55.66,95.63
Ayu,88.63,2.05,2.31,38.49,36.76
Dinda,98.57,0,0,88.92,18.29
Rani,79.14,56.03,51.48,58.46,63.91
Budi,47.6,70.23,86.73,28.98,66.13
Andi,47.92,68.94,95.07,18.14,68.37
Sari,76.38,5.05,6.68,22.23,34.07
Eka,31.49,0,0,29.68,11.36
Rizki,19.94,100,100,22.85,96.85
Fitri,41.92,23.05,29.66,24.93,32.58
Tono,35.85,86.07,100,32.81,70.84
Nina,36.67,85.39,100,23.87,73.6
Bayu,31.02,100,73.6,81.74,64.9
Wulan,13.79,45.27,63.54,16.42,38.16
Riko,11.61,50.08,49.11,51.96,34.4
Dewi,98.9,38.94,41.83,42.83,63.79
Fajar,48.5,100,92.21,88.59,87.95
Lia,44.59,100,100,18.96,95.21
Rian,71.17,0,0,41.83,19.53
Putri,29.64,23.9,16.34,87.56,23.93
Yusuf,95.5,100,80.87,79.24,95.03
Maya,80.77,82.6,64.01,75.37,76.29
Dina,18.05,100,100,30.63,89.47
Rafi,47.58,13.33,17.37,23.67,28.24
Lina,89.12,48.45,42.33,63.49,62.88
Galih,95.03,68.52,48.44,84.35,73.1
Rosa,52.07,85.88,82.06,54.54,71.21
Tari,65.21,35.4,33.42,55.73,46.73
Hadi,25.03,2.09,2.5,32.4,11.39
Sinta,99.21,42.05,33.87,71.56,62.46
Joko,30.85,29.8,38.33,24.96,32.78
Ayu,94.85,19.49,22.45,35.89,50.52
Dinda,68.47,100,100,44.03,96.18
Rani,64.7,33.48,33.28,50.61,45.91
Budi,56.14,94.37,100,29.39,85.58
Andi,30.76,20.68,28.21,19.19,26.97
Sari,25.89,100,95.84,58.85,70.52
Eka,29.84,100,100,33.09,97.93
Rizki,26.78,14.55,13.64,56.5,19.17
Fitri,80.16,0,0,22.35,10.75
Tono,41.51,53.62,54.43,48.49,49.02
Nina,15.21,20.69,20.16,52.61,18.34
Bayu,97.22,52.61,75.6,14.15,77.35
Wulan,89.54,88,100,36.93,92.31
Riko,93.5,16.59,22.28,20.75,49.06
Dewi,99.54,0,0,15.07,33.28
Fajar,25.65,77.42,52.05,89.2,49.1
Lia,45.66,88.01,100,35.79,75.11
Rian,78.24,0,0,74.79,10.81
Putri,72.64,51.1,62.22,30.37,63.05
Yusuf,23.85,99.5,86.03,64.52,65.2
Maya,83.42,62.61,50.8,70.82,67.39
Dina,30.2,34.09,31.58,57.65,31.78
Rafi,30.14,100,100,47.73,74.26
Lina,58.33,0,0,42.95,18.23
Galih,63.36,4.05,4.57,37.91,27.93
Rosa,62.21,100,88.46,84.36,88.97
Tari,18.23,100,100,76.45,76.49
Hadi,88.97,0,0,87.2,11.24
Sinta,33.9,26.61,36.02,19.94,32.35
Joko,21.66,37.57,31.22,68.47,29.3
Ayu,89.99,0,0,85.07,34.37
Dinda,96.01,0,0,24.5,32.28
Rani,87.59,0,0,15.32,15.63
Budi,82.86,33.18,27.34,69.29,51.3
Andi,68.97,83,78.2,55.96,75.95
Sari,59.58,77.26,58.67,77.35,64.61
Eka,17.83,90.48,100,21.18,70.56
Rizki,46.76,0,0,73.62,17.3
Fitri,43.54,100,100,26.13,95.63
Tono,33.38,100,100,23.09,85.46
Nina,75.11,75.63,99.09,23.14,82.46
Bayu,54.63,100,90.65,75.17,84.07
Wulan,17.29,100,100,63.22,93.94
Riko,29.82,79.14,77.7,51.85,58.98
Dewi,71.49,0,0,38.71,28.03
Fajar,16.85,100,83.17,80.18,65.51
Lia,86.61,67.33,73.39,41.4,76.86
Rian,54.56,100,79.46,75.33,76.41
Putri,53.25,57.94,60.83,45.13,56.93
Yusuf,63.32,0,0,40.16,16.16
Maya,84.22,15.95,16.43,47.01,43.4
Dina,41.3,100,100,34.11,92.87
Rafi,71.02,62.63,51.34,69.81,62.6
Lina,60.92,56.87,56.74,50.22,58.45
Galih,34.03,30.64,37.99,28.58,34.2
Rosa,89.08,14.55,10.54,81.97,43.16
Tari,81.77,91.97,100,40.71,90.58
Hadi,69.26,71.69,69.23,53.48,69.98
Sinta,86.55,89.6,64.54,82.52,80.86
Joko,88.06,27.41,24.81,59.94,50.89
Ayu,73.75,52.53,71.54,19.35,66.72
Dinda,85.33,0,0,85.19,32.35
Rani,72.77,77.75,70.19,60.22,73.49
Budi,71.21,31.13,35.53,36.79,48.48
Andi,65.68,33.6,44.93,21.14,49.83
Sari,77.74,69.56,54.92,73.52,68.44
Eka,24.27,100,100,59.61,94.27
Rizki,89.28,0,0,52.68,15.76
Fitri,88.47,94.23,68.58,81.51,84.23
Tono,12.63,58.11,46.08,73.09,36.31
Nina,84.32,23.27,30.8,22.13,49.95
Bayu,21.6,5.13,5.97,34.94,11.97
Wulan,40.16,31.52,38.57,29.88,37.09
Riko,76.92,44.77,36.81,69.52,55.24
Dewi,24.47,7.15,10.43,12.68,15.06
Fajar,83.62,35.55,33.62,55.59,54.2
Lia,84.89,100,88.73,71,93.44
Rian,55.67,0,0,80.14,19.49
Putri,10.57,100,100,37.37,78.8
Yusuf,35.83,61.2,47.26,75.7,46.87
Maya,65.52,60.17,82.37,18.85,68.97
Dina,98.31,0,0,77.72,33.42
Rafi,66.86,0,0,20.2,24.35
Lina,33.38,17.72,19.24,41.78,24.44
Galih,67.06,0,0,73.78,16.34
Rosa,58.6,4.69,6.21,21.99,26.71
Tari,80.19,56.03,69.65,28.34,69.78
Hadi,19.63,100,100,67.78,89.35
Sinta,78.49,94.07,78.85,67.6,83.27
Joko,58.71,84.83,75.76,61.29,71.66
Ayu,96.67,0,0,65.52,19.94
Dinda,40.77,33.43,32.31,53.42,36.03
Rani,66.94,16.67,20.34,30.14,37.88
Budi,93.88,0,0,37.66,32.5
Andi,19.23,70.77,91.43,24.53,56.35
Sari,94.35,39.67,28.53,82.68,58.2
Eka,71.91,23,21.52,56.67,42.12
Rizki,16.11,56.65,61.33,42.07,41.84
Fitri,37.09,100,100,46.96,84.57
Tono,73.74,100,70.54,85.78,81.04
Nina,16.06,44.9,59.35,22.27,37.7
Bayu,62.4,100,100,56.9,92.24
Wulan,41.13,100,100,50.47,95.75
Riko,65.88,22.73,20.79,58.92,39.41
Dewi,14.12,48.77,72.07,11.45,41.9
Fajar,88.44,38.55,28.56,79.77,55.51
Lia,97.61,100,76.73,84.57,94.7
Rian,97.2,85.49,81.15,55.21,88.87
Putri,77.47,0,0,65.73,19.23
Yusuf,21.71,71.44,50.78,83.8,45.35
Maya,78.24,51.44,43.57,66.58,59.8
Dina,12.21,72.32,95.67,22.2,55.28
Rafi,11.99,38.91,36.6,56.1,27.45
Lina,39.12,100,100,58.54,87.29
Galih,53.98,79.72,84.71,43.93,70.92
Rosa,79.34,97.92,81,68.92,85.41
Tari,71.5,100,80.82,84.75,87.29
Hadi,50.13,100,79.24,84.05,77.35
Sinta,34.63,58.29,60.63,46.07,49.53
Joko,99.74,35.3,48.22,19.06,64.95
Ayu,48.36,10.12,6.83,88.79,24.43
Dinda,50.62,95.35,72.59,77.11,70.63
Rani,24.73,23,31.13,19.97,26.13
Budi,81.53,77.59,55.23,83.67,72.46
Andi,72.43,3.23,2.4,79.59,30.66
Sari,29.87,14.5,14.28,51.51,20.58
Eka,17.41,30.95,28.77,57.3,24.88
Rizki,71.24,0,0,41.92,10.18
Fitri,68.91,64.56,92.53,14.38,74.69
Tono,34.59,96.65,100,36.82,75.92
Nina,95.58,33.84,26.52,74.23,56.34
Bayu,23.6,20.15,30.11,10.37,24.52
Wulan,48.91,0,0,36.68,17.52
Riko,94.93,0,0,41.85,11.72
Dewi,47.78,9.82,9.54,52.99,24.92
Fajar,67.47,100,87.63,83.59,90.18
Lia,45.78,21,23.76,37.71,31.74
Rian,34.68,43.82,49.54,37.76,41.88
Putri,98.56,0,0,69,19.48
Yusuf,46.84,18.43,19.15,46.18,30.01
Maya,90.47,30.47,38.01,27.97,56.73
Dina,30.7,85.7,89.03,46.2,64.7
Rafi,29.18,29.13,38.9,21.27,32.08
Lina,12.8,14.63,18.97,24.11,15.2
Galih,68.65,29.53,29.57,49.87,45.19
Rosa,43.17,22.27,23.77,43.51,31.08
Tari,87.79,0,0,83.19,29.76
Hadi,52.59,100,100,38.99,96.39
Sinta,97.14,45.79,42.93,56.45,65.47
Joko,26.7,86.76,78.04,60.58,60.12
Ayu,88.18,16.3,24.19,11.05,47.42
Dinda,79.89,29.55,25.93,63.08,48.6
Rani,79.38,39.1,50.66,24.24,58.68
Budi,86.03,75.54,52.02,86.89,72.68
Andi,78.49,59.87,79.45,21.89,73.19
Sari,66.36,0,0,43.17,25.45
Eka,21.81,64.35,89.94,16.83,55.01
Rizki,12.93,83.73,55.96,89.75,47.08
Fitri,92.88,85.4,85.26,50.18,88.35
Tono,65.5,70.3,65.13,57.63,66.83
Nina,81.69,34.8,49.38,15.37,57.93
Bayu,53.34,0,0,70,20.39
Wulan,20.56,82.92,100,26.79,64.51
Riko,21.27,23.27,16.87,81.84,20.55
Dewi,71.7,17.16,21.74,26.41,40.35
Fajar,48.73,4.92,6.31,25.26,22.86
Lia,28.05,82.91,100,12.92,72.29
Rian,54.24,11.31,11.57,47.77,28.56
Putri,15.78,66.61,63.25,55.19,45.27
Yusuf,62.38,90.42,100,15.26,90.61
Maya,34.21,27.21,21.81,72.04,28.39
Dina,81.78,37.6,39.03,46.26,55.7
Rafi,37.93,54.79,53.73,51.95,47.73
Lina,50.97,0,0,45.26,11.63
Galih,11.05,100,100,42.06,81.35
Rosa,16.52,16.39,15.62,54.77,16.21
Tari,45.32,49.65,65.53,22.42,52.68
Hadi,53.19,57,73.62,24.55,60.46
Sinta,64,78.15,58.39,78.94,66.56
Joko,36.25,100,78.7,85.69,71.98
Ayu,72.55,5.96,6.6,39.86,32.79
Dinda,87.41,0,0,31.66,10.9
Rani,80.19,75.85,67.59,61.52,75.11
Budi,13.57,84.76,91.18,42.7,58.21
Andi,53.25,86.35,100,12.03,85.25
Sari,19.44,100,100,22.49,83.92
Eka,31.78,100,100,67.28,85.9
Rizki,98.8,25.06,22.07,62.71,53.66
Fitri,22.82,41.76,61.25,12.17,40.03
Tono,54.9,87.81,100,27.76,81.24
Nina,65.63,36.24,44.98,28.49,50.62
Bayu,73.22,0,0,63.75,26.51
Wulan,60.37,84.56,100,11.58,86.95
Riko,10.88,100,100,18.33,89.43
Dewi,39.38,67.6,53.12,73.99,51.97
Fajar,56.59,0,0,24.28,16.81
Lia,17.91,66.74,59.05,62.22,44.9
Rian,41.56,98.03,100,29.05,82.32
Putri,12.99,100,100,17.96,91.16
Yusuf,17.07,32.13,39.48,29.45,28.31
Maya,45.72,0,0,67.78,16.03
Dina,21.94,100,100,78.46,88.96
Rafi,61.08,38.9,29.82,76.42,45.05
Lina,72.05,47.85,51.95,41.77,58.76
Galih,82.05,100,99.98,63.45,97.13
Rosa,28.01,7.04,8.92,26.4,15.99
Tari,25.07,89.16,100,33.45,68.35
Hadi,19.41,17.2,12.49,81.71,16.67
Sinta,67.28,22.65,33.61,11.04,43.79
Joko,73.58,73.56,100,16.84,82.34
Ayu,12.84,64.58,81.67,26.63,49.01
Dinda,94.26,83.83,100,12.12,99.75
Rani,14.68,79.18,100,24.51,60.32
Budi,58.72,26.54,24.83,56.64,38.9
Andi,73.82,0.46,0.48,43.71,29.81
Sari,88.39,11.94,8.7,81.41,41.55
Eka,74.27,25.96,20.11,75.4,43.53
Rizki,82.16,0,0,37.35,16.18
Fitri,40.55,40.73,49.4,30.75,43.26
Tono,83.33,29.27,32.23,40.38,51.78
Nina,17.21,100,100,57.22,75.05
Bayu,90.53,49.74,59.92,31.45,69.11
Wulan,59.28,87.61,79.32,59.93,73.79
Riko,83.56,0,0,42.75,10.75
Dewi,50.71,15.83,15.19,54.16,29.59
Fajar,67.92,68.83,72.44,44.89,69.55
Lia,57.38,46.82,55.21,33.56,53.56
Rian,75.84,0,0,85.88,10.48
Putri,17.35,100,100,71.09,82.4
Yusuf,15.43,100,100,21.21,79.55
Maya,32.24,88.85,66.03,79.48,59.36
Dina,24.36,10.34,10.45,48.99,15.98
Rafi,88.46,84.15,61.21,81.56,78.99
Lina,29.73,94.52,74.27,73.99,62.53
Galih,97.83,66.69,70.8,44.02,80.38
Rosa,40.32,82.96,100,11.8,77.66
Tari,26.39,100,100,31.49,82.27
Hadi,81.07,40.99,39.65,53.33,56.62
Sinta,69.28,0,0,60.68,22.63
Joko,54.84,72.95,88.6,30.63,70.4
Ayu,59.98,59.69,79.81,21.15,65.84
Dinda,74.73,88.65,67.71,76.79,76.8
Rani,30.56,26,17.56,88.75,25.29
Budi,99.67,0,0,52.06,27.55
Andi,97.73,73.91,96.25,23.73,90.14
Sari,68.53,75.88,91.08,31.78,77.5
Eka,27.96,100,100,11.47,91.74
Rizki,71.22,96.74,69.23,83.14,78.28
Fitri,16.5,80.67,100,19.42,63.74
Tono,12.76,100,100,56.12,68.87
Nina,33.19,100,100,31.92,90.02
Bayu,51.64,70.55,67.56,54.33,62.09
Wulan,88.14,55.97,49.58,62.11,66.92
Riko,75.45,0,0,76.38,24.08
Dewi,76.84,32.23,40.81,26.51,52.65
Fajar,48.29,73.96,100,10.88,74.48
Lia,41.13,25.54,34.22,20.95,34.38
Rian,43.39,20.97,15.18,82,28.2
Putri,98.89,0,0,79.91,38.24
Yusuf,13.61,45.53,42.12,57.79,31.74
Maya,88.03,0,0,58.04,29.34
Dina,62.08,41.59,36.44,63.2,48.24
Rafi,49.48,100,100,24.03,91.71
Lina,75.27,49.61,35.5,83.15,55.64
Galih,53.8,8.69,9.28,43.5,26.91
Rosa,88.61,0,0,40.65,16.93
Tari,91.06,60.83,59.92,51.51,72.65
Hadi,47.95,34.48,49.75,13.76,44.45
Sinta,34.91,100,100,23.3,83.96
Joko,63.31,80.38,66.41,69.04,69.36
Ayu,92.11,62.23,87.16,16.62,81.66
Dinda,28.96,39.73,36.59,58.25,34.48
Rani,66.07,68.68,84.26,29.63,72.31
Budi,66.84,11.2,12.24,41.14,33.77
Andi,75.98,97.85,100,33.1,94.52
Sari,21.84,91.92,100,38.45,67.27
Eka,74.42,17.12,14.36,67.52,39.21
Rizki,91.81,0,0,33.77,34.26
Fitri,26.17,28.59,27.11,55.31,27.18
Tono,31.38,98.99,100,48.08,72.52
Nina,97.43,0,0,63.09,29.68
Bayu,26.29,100,72.99,84.95,63.58
Wulan,86.89,0,0,68.61,33.82
Riko,54.31,70.67,88.85,27.2,69.58
Dewi,32.25,95.38,100,12.49,83.34
Fajar,88.37,67.37,81.53,30.98,80.02
Lia,50.08,100,93.71,57.61,78.48
Rian,56.33,5.97,8.59,14.11,26.9
Putri,42.33,1.69,1.7,49.71,17.95
Yusuf,63.37,82.34,76.2,57.75,72.91
Maya,24.72,51.76,59.11,36.74,43.15
Dina,45.2,56.95,45.82,71.67,48.91
Rafi,97.25,0,0,18.53,12.8
Lina,33.23,27.76,39.13,16.01,33.36
Galih,69.11,0,0,68.26,13.03
Rosa,39.27,100,100,49.64,89.13
Tari,79.61,0.12,0.1,65.07,31.91
Hadi,21.78,83.51,87.98,44.79,60.16
Sinta,97.28,0,0,29.71,13.51
Joko,50.84,93.38,72.24,75.53,70.02
Ayu,31.24,49.59,38.99,73.95,39.07
Dinda,16.61,100,100,65.58,90.81
Rani,25.28,100,100,31.77,89.93
Budi,56.78,28.61,26.62,57.22,39.28
Andi,40.33,100,100,38.88,91.09
Sari,84.6,91.76,100,17.33,99.65
Eka,48.78,100,89.94,83.39,84.29
Rizki,32.38,100,100,20.95,86.04
Fitri,65.54,12.18,8.46,86.02,32.41
Tono,73.61,52.93,55.26,45.68,61.9
Nina,25.03,8.8,11.33,24.81,16.05
Bayu,25.09,14.41,13.94,53.35,18.54
Wulan,13.3,100,100,79.84,99.9
Riko,76.28,16.19,13.44,68.58,39.4
Dewi,69.74,92.51,72.3,74.52,77.34
Fajar,52.72,100,96.01,62.7,82.6
Lia,85.98,94.82,81.27,65.38,87.22
Rian,82.51,100,95.76,77.94,99.79
Putri,62.68,9.99,12.21,29.97,31.73
Yusuf,88.14,0,0,49.15,13.63
Maya,28.53,52.71,65.95,27.7,47.01
Dina,20.07,27.25,18.36,89.01,21.71
Rafi,34.28,0,0,85.52,12.02
Lina,15.14,49.47,71.81,13.15,42.44
Galih,57.81,100,87.82,66.45,80.54
Rosa,94.29,45.33,32.15,84.02,60.96
Tari,13.54,47.59,61.53,24.45,38.15
Hadi,20.99,100,98.08,55.44,68.89
Sinta,50.7,20.6,14.73,83.24,30.88
Joko,94.05,0,0,12.72,11.29
Ayu,38.45,100,97.34,65.79,78.79
Dinda,55.65,67.21,79.06,33.79,66.14
Rani,13.74,100,100,83.95,78.61
Budi,23.35,8.24,5.63,87.68,13.5
Andi,98.8,89.94,62.8,85.54,85.34
Sari,96.86,44.56,45.49,47.94,65.76
Eka,10.44,100,80.58,78.96,60.71
Rizki,95.66,53.01,40.17,77.56,66.22
Fitri,67.52,93.99,100,35.53,87.8
Tono,88.11,52.01,39.91,76.31,62.82
Nina,50.93,56.92,82.8,12.96,62.29
Bayu,56.4,100,100,57.7,99.16
Wulan,54,84.01,100,28.4,78.11
Riko,70.02,30.82,41.85,19.65,49.81
Dewi,22.57,89.51,100,16.16,73.67
Fajar,12.7,71.81,61.36,65.7,45.03
Lia,37.71,24.2,27.52,37.19,30.6
Rian,73.42,62.4,52.11,67.98,63.72
Putri,28.17,100,100,15.23,93.54
Yusuf,70.61,100,100,35.22,93.62
Maya,97.29,3.14,3.04,53.16,40.77
Dina,18.45,93.23,73.8,73.26,57.49
Rafi,70.53,1.3,1.5,35.5,29.05
Lina,49.94,100,100,60.07,99.61
Galih,88.13,100,88.86,80.88,98.3
Rosa,25.94,100,92.32,59.27,68.46
Tari,72.34,79.59,98.62,28.64,82.4
Hadi,85.43,54.24,79.72,11.95,74.36
Sinta,95.02,48.55,36.03,79.61,63.38
Joko,71.49,0,0,11.7,14.8
Ayu,54.75,55.64,41.13,79.98,50.93
Dinda,65.61,75,73.29,52.31,70.73
Rani,88.2,69.95,49.05,85.13,70.98
Budi,61.35,35.53,27.94,73.9,43.58
Andi,12.73,100,100,89.83,94.75
Sari,93.79,0,0,38.06,25.06
Eka,72.06,48.34,39.01,71.38,55.03
Rizki,70.89,70.17,75.91,42.15,72.18
Fitri,29.41,100,100,48.39,72.74
Tono,69.3,71.22,64.31,60.2,68.38
Nina,45.45,31.8,23.53,79.89,34.78
Bayu,68.61,0,0,88.73,24.06
Wulan,19.59,100,88.37,71.46,67.23
Riko,69.21,58.44,62.41,43.42,63.94
Dewi,99.95,0,0,43.71,26.14
Fajar,14.34,100,100,69.01,73.46
Lia,97.95,17.6,21.7,29.1,50.97
Rian,46.62,72.39,99.11,18.84,70.1
Putri,88.37,78.51,88.2,38.37,85.36
Yusuf,80.41,0,0,32.98,25.28
Maya,61.03,0,0,33.7,11.72
Dina,76.46,73.76,91.36,28.69,80.12
Rafi,89.07,39.81,57.66,13.37,64.87
Lina,46.37,73.21,100,11.43,72.97
Galih,39.43,100,93.45,89.02,85.43
Rosa,70.08,87.75,92.97,44.22,82.25
Tari,82.71,100,100,40.75,96.48
Hadi,78.61,47.85,41.44,64.37,58.23
Sinta,81.8,31.41,39.39,27.46,53.96
Joko,49.2,52.1,36.2,86,46.17
Ayu,83.61,0,0,72.91,23.83
Dinda,20.82,74.11,100,17.15,61.53
Rani,59,18.26,19.51,43.41,34.93
Budi,10.52,100,100,80.33,92.92
Andi,39.21,91.89,64.13,85.58,62.49
Sari,42.98,75.94,77.95,47.39,63.36
Eka,45.66,41.25,37.67,59.07,41.94
Rizki,72.59,0,0,23.36,14.68
Fitri,44.97,0,0,89.29,12.86
Tono,50.38,41.58,51.58,28.53,48.1
Nina,31.38,9.92,6.94,85.42,17.61
Bayu,43.59,83.35,73.93,61.97,64.62
Wulan,30.45,100,100,58.62,89.29
Riko,16.59,100,100,51.02,89.46
Dewi,64.31,64.82,80.47,28.45,69.31
Fajar,70.14,1.38,1.8,24.12,29.01
Lia,65.75,90.85,100,27.64,87.67
Rian,51.71,100,100,24.92,89.75
Putri,44.18,18.58,14.84,72.37,27.7
Yusuf,87.7,64.69,72.94,38.01,76.37
Maya,56.72,17.97,25.7,14.63,35.79
Dina,53.13,100,82.57,87.53,82.24
Rafi,12.31,100,100,80.7,99.75
Lina,40.71,0,0,84.22,12.7
Galih,44.22,100,97.68,89.59,90.76
Rosa,45.89,69.11,89.84,23.91,66.04
Tari,62.22,100,100,41.7,97.6
Hadi,58.02,52.67,42.81,70.66,51.85
Sinta,64.71,100,92.74,65.68,86.26
Joko,78.84,0,0,22.31,15.62
Ayu,83.17,12.98,10.06,75.27,40.18
Dinda,74.63,0,0,27.96,16.03
Rani,96,88.03,100,27.91,97.78
Budi,11.64,100,100,52.96,83.53
Andi,27.62,100,100,57.44,86.73
Sari,10.68,100,100,56.41,94.42
Eka,68.27,0,0,17.32,17.66
Rizki,90.82,16.06,11.85,80.2,44.7
Fitri,31.91,5.48,6.61,31.25,16.39
Tono,93.43,0,0,20.36,28.97
Nina,15.42,47.13,34.44,81.1,30.64
Bayu,94.1,28.73,19.87,86.45,52.22
Wulan,41.65,33.41,24.96,78.97,34.17
Riko,19.13,21.42,16.7,74.76,19.09
Dewi,53.73,6.33,5.59,62.42,25.07
Fajar,33.11,17.02,16.34,54.07,23.25
Lia,35.64,100,100,16.96,97.58
Rian,37.66,100,100,42.68,78.34
Putri,82.27,100,100,39.82,97.1
Yusuf,58.52,39.43,47.81,30.78,49.58
Maya,38.02,36.03,30.11,67.87,35.05
Dina,64.93,92.98,93.28,49.67,81.85
Rafi,74.45,13.29,18.64,16.48,39.36
Lina,34.54,34.23,42.85,27.61,36.94
Galih,47.22,21.54,18.6,64.66,30.93
Rosa,20.97,18.38,25.89,16.09,21.67
Tari,26.3,42.88,32.32,78.1,33.08
Hadi,71.3,22.39,22.48,49.61,41.98
Sinta,26.33,99.44,100,48.45,70.66
Joko,57.26,0,0,57.39,15.63
Ayu,73.81,0,0,75.97,28.95
Dinda,19.62,100,100,37.82,82.81
Rani,61.06,0,0,64.24,23.22
Budi,33.09,47.22,44.8,55.26,40.84
Andi,96.66,74.29,89.56,31.36,87.82
Sari,53.52,4.86,3.58,80.29,23.94
Eka,82.54,0,0,73.79,17.45
Rizki,59.52,52.82,46.52,62.68,53.61
Fitri,13.91,60.16,45.36,78.05,37.22
Tono,66.98,64.84,48.22,79.38,60.71
Nina,95.63,79.6,67.36,66.67,82.34
Bayu,64.15,0,0,76.96,22.34
Wulan,83.73,51.73,44.16,65.8,62.26
Riko,89.58,35.14,30.42,64.41,55.5
Dewi,30.53,18.78,17.08,59.49,22.97
Fajar,29.08,100,81.69,70.22,66.16
Lia,64.99,12.42,16.36,22.69,34.63
Rian,46.99,67.44,49.61,80.47,53.91
Putri,85.59,0,0,79.75,17.4
Yusuf,91,20.24,29.63,12.34,51.36
Maya,41.81,39.29,30.23,76.07,37.58
Dina,31.32,100,100,20.31,84.01
Rafi,80.25,0,0,36.81,15.13
Lina,34.73,61.78,50.81,69.48,47.67
Galih,84.04,25.42,33.4,22.86,51.26
Rosa,48.14,100,81.45,75.44,75.25
Tari,70.08,63.55,48.64,76.57,61.69
Hadi,18.6,100,100,50.6,70.05
Sinta,66.15,71.52,100,10.51,79.93
Joko,50.66,100,100,32.96,87.6
Ayu,62.79,22.91,20.87,59.35,38.25
Dinda,25.12,96.14,65.1,88.49,58.42
Rani,76.32,96.64,86.96,60.55,85.61
Budi,87.65,96.4,100,30.78,99.05
Andi,29.51,100,100,60.72,90.06
Sari,18.61,60.94,59.02,53.2,43.43
Eka,12.13,42.08,33.61,72.39,27.56
Rizki,67.78,37.84,51.95,18.56,54.05
Fitri,64.64,93.68,75.97,70.88,76.75
Tono,59.2,51.93,50.24,53.3,54.33
Nina,30.88,81.26,55.87,87.04,53.49
Bayu,45.18,100,100,37.35,85.44
Wulan,63.5,30.06,27.04,60.61,42.53
Riko,54.71,100,90.3,84.56,87.38
Dewi,98.9,9.88,13.62,18.2,46.61
Fajar,22.28,59.97,42.12,84.98,39.54
Lia,72.56,39.13,33.66,65.03,50.86
Rian,46.39,82.8,100,15.43,78.62
Putri,48.54,2.95,3.46,34.08,21.34
Yusuf,74.58,0,0,66.65,27.68
Maya,72.32,91.93,100,15.39,95.63
Dina,99.21,0,0,56.57,25.79
Rafi,21.56,82.07,92.85,37.67,61.1
Lina,19.37,95.04,86.27,59.67,62.14
Galih,75.19,32.72,47.26,13.66,54.07
Rosa,62.05,82.72,61.31,79.72,68.03
Tari,34.67,33.33,22.71,87.88,30.68
Hadi,17.15,100,71.6,87.51,59.74
Sinta,17.71,66.75,54.63,69.97,43.5
Joko,90.48,47.37,63.82,20.41,69.55
Ayu,27.27,21.7,17.64,70.66,22.71
Dinda,39.1,61.74,90.73,11.97,61.38
Rani,30.4,19.56,28.81,11.77,26.67
Budi,41.95,28.35,32.65,35.89,35.08
Andi,16.25,38.46,38.81,49.09,29.68
Sari,56.72,6.97,5.61,71.63,26.46
Eka,16.09,100,100,64.66,84.31
Rizki,82.03,4.73,4.93,45.67,35.71
Fitri,31.03,100,100,31.89,93.44
Tono,58.6,100,98.61,89.77,97.29
Nina,89.21,41.61,44.14,44.09,61.41
Bayu,68.58,0,0,46.11,22.87
Wulan,57.97,29.6,38.81,23.09,43.71
Riko,39.19,100,97.21,73.58,81.8
Dewi,39.97,48.63,41.64,65.49,43.07
Fajar,70.25,0,0,27.66,17.83
Lia,99.47,28.21,39.53,16.59,60.11
Rian,69.57,100,90.05,64.44,86.06
Putri,60.2,100,89.99,62.36,81.63
Yusuf,75.76,0,0,31.86,25.76
Maya,51.87,97.97,68.03,86.07,70.55
Dina,15.41,33.97,44.99,22.08,29.85
Rafi,60.61,8.75,9.24,44.59,29.64
Lina,96.19,98.5,68.81,85.49,88.67
Galih,25.78,35.74,38.12,43.58,32.47
Rosa,72.1,8.53,7.64,61.08,33.69
Tari,28.08,0,0,41.81,10.06
Hadi,58.22,98.66,100,31.94,88.36
Sinta,18.7,100,99.26,88.72,81.33
Joko,50.53,74.28,79.88,42.75,66.46
Ayu,78.05,89.33,65,81.53,77.52
Dinda,41.28,10.66,13.24,28.4,23.68
Rani,69.84,34.4,43.32,27.05,51.25
Budi,81.59,12.15,17.76,12.49,41.61
Andi,93.45,0,0,62.13,18.44
Sari,31.12,65.22,72.46,39.48,53.75
Eka,45.94,100,100,79.15,92.87
Rizki,23.72,6.8,6.94,47.86,13.61
Fitri,99.32,0,0,87.46,36.23
Tono,93.43,0,0,24.84,28.68
Nina,58.6,15.28,11.35,79.49,31.43
Bayu,85.78,100,85.15,72.13,91.76
Wulan,56.89,54.26,43.65,71.67,52.13
Riko,66.12,48.4,36.67,77.58,51.97
Dewi,18.02,100,100,70.88,78.45
Fajar,77.97,0,0,60.1,23.9
Lia,21.49,64.3,86.55,20.5,53.85
Rian,84.35,20.27,29.6,12.6,48.7
Putri,80.38,61.47,43.76,83.67,63.72
Yusuf,73.79,100,100,59.33,99.96
Maya,13.25,100,100,73.72,79.25
Dina,37.28,51.12,51.88,48.52,45.81
Rafi,33.68,100,100,19.38,84.48
Lina,42.41,11.9,16.09,20.01,25.36
Galih,17.89,10,8.62,64.85,12.74
Rosa,94.33,0,0,44.42,28.4
Tari,59.84,24.51,31.17,26.04,40.64
Hadi,37.5,68.02,68.48,49.33,55.95
Sinta,45.73,64.77,92.12,15.14,65.36
Joko,50.25,100,100,56.56,91.95
Ayu,64.05,45.79,55.11,31.52,55.89
Dinda,56.41,60.7,47.79,73.8,55.11
Rani,92.75,0,0,34.83,14.52
Budi,54.73,0,0,46.42,13.14
Andi,99.29,26.67,39.61,10.93,59.6
Sari,86.63,20.43,28.86,15.8,49.44
Eka,28.77,100,100,41.4,85.53
Rizki,93.75,0,0,48.4,24.46
Fitri,20.47,7.04,6.5,58,12.25
Tono,83.57,25.94,30.66,33.33,50.41
Nina,44.26,24.55,21,65.6,31.37
Bayu,89.02,0,0,78.81,14.47
Wulan,88.13,74.05,59.14,72.39,75.21
Riko,82.53,0,0,13.17,20.04
Dewi,81.1,53.43,54.27,48.44,64.75
Fajar,37.42,28.52,39.22,18.39,35.29
Lia,17.28,27.95,34.38,29.36,25.61
Rian,46.27,51.12,34.46,88.93,44.18
Putri,25.62,100,100,21.4,82.13
Yusuf,72.55,27.1,27.13,49.91,45.29
Maya,41.15,100,97.04,59.45,77.57
Dina,97.8,0,0,66.2,21.29
Rafi,67.69,89.54,85.37,54.77,79.55
Lina,84.02,0,0,10.78,31.32
Galih,21.93,96.47,100,36.12,70.97
Rosa,87.58,43.45,42.84,51.42,60.92
Tari,93.05,78.5,100,17.03,93.62
Hadi,53.84,36.55,41.2,38.05,44.86
Sinta,64.56,0,0,12.66,15.95
Joko,78.83,0,0,16.29,11.72
Ayu,25.74,100,100,41.75,84.42
Dinda,55.23,49.96,67.17,20.62,57.23
Rani,45.88,100,99.6,55.4,79.77
Budi,23.17,39.14,33.63,65.16,31.1
Andi,43.08,44.49,34.94,74.05,41.06
Sari,16.14,9.17,11.67,26.01,12.71
Eka,12.32,100,100,23.4,96.53
Rizki,22.16,85.93,100,18.37,70.11
Fitri,96.68,97.23,87.17,60.91,93.99
Tono,59.46,18.23,15.45,66.52,33.89
Nina,96.92,35.57,51.97,12.53,65.03
Bayu,48.92,100,70.85,84.9,71.06
Wulan,38.06,31.95,45.9,14.16,38.58
Riko,55.55,100,100,53.3,86.33
Dewi,49.56,100,100,66.72,95.24
Fajar,19.51,100,100,79.68,89.64
Lia,67.67,89.48,75.36,67.13,76.52
Rian,29.44,43.32,33.99,74.14,34.97
Putri,65.76,14.11,16.04,37.16,35.35
Yusuf,68.52,100,100,75.19,96.7
Maya,23.68,2.02,2.84,16.41,10.93
Dina,15.52,100,95.76,81.59,74.44
Rafi,80.27,70.4,67.77,53.81,73.56
Lina,51.38,85.44,66.19,75.38,66.04
Galih,15.23,100,100,46.19,99.11
Rosa,99.54,0,0,61.49,38.07
Tari,15.2,58.14,56.93,52.11,40.6
Hadi,72.55,0,0,68.53,17.1
Sinta,98.53,14.49,20.31,16.53,49.85
Joko,31.53,28.68,40.92,14.83,33.49
Ayu,22.8,47.61,58.32,29.77,40.9
Dinda,20.92,100,100,22.76,85.11
Rani,37.29,100,100,79.74,94.19
Budi,19.09,28.23,35.38,27.54,26.72
Andi,72.29,28.99,19.72,88.07,43.53
Sari,15.61,100,100,36.95,93.58
Eka,55.85,0,0,24.57,15.56
Rizki,99.7,0,0,73.18,18.31
Fitri,83.26,0,0,62.7,24.65
Tono,65.37,62.32,62.42,49.86,63.57
Nina,37.56,14.51,13.88,54.43,23.54
Bayu,66.15,100,100,67.54,97.13
Wulan,57.43,40.45,50.31,28.28,50.2
Riko,48.35,71.51,47.82,89.71,55.14
Dewi,21.76,46.6,31.72,87.98,32.2
Fajar,89.79,29.11,25.81,62.03,52.39
Lia,50.48,72.41,92.19,25.96,69.57
Rian,27.52,100,100,64.42,77.61
Putri,43.1,83.73,100,15.78,77.85
Yusuf,47.27,58.35,85.32,12.45,62.01
Maya,84.48,86.69,100,30.61,91.39
Dina,76.03,87.27,89.92,47.01,83.57
Rafi,79.24,88.79,65.99,79.46,78.13
Lina,10.99,19.28,16.07,68.17,15
Galih,47.45,0,0,69.42,10.62
Rosa,53.32,12.6,13.37,44.04,29.12
Tari,11.73,100,100,37.67,69.72
Hadi,33.38,53.2,58.99,39.68,47.01
Sinta,78.43,29.57,19.92,89.01,46.22
Joko,22.34,100,100,13.21,89.61
Ayu,58.18,100,95.74,79.36,90.6
Dinda,29.37,100,100,56.29,91.83
Rani,11.09,54.97,57.74,45.09,38.25
Budi,31.71,100,90.26,68.02,72.2
Andi,97.83,0,0,48.93,34.45
Sari,82.14,0,0,79.87,27.15
Eka,96.36,0,0,82.06,26.62
Rizki,53.91,31.04,33.05,43.74,40.79
Fitri,19.88,61.85,73.98,32.15,48.7
Tono,59.32,100,98.01,57.39,84.79
Nina,50.89,0.84,0.6,82.99,20.79
Bayu,85.99,61.52,77.63,26.85,76.14
Wulan,18.83,87.95,79.71,59.84,57.83
Riko,53.94,25.16,22.65,60.52,35.92
Dewi,23.5,81.9,67.93,68.65,54.35
Fajar,39.22,30.27,40.74,20.53,36.99
Lia,76.36,59.94,50.41,67.27,63.65
Rian,52.84,54.14,38.91,82.72,49.05
Putri,43.83,10.56,13.67,24.37,24.8
Yusuf,45.5,3.42,4.22,29,20.49
Maya,51.35,76.58,52.28,87.71,59.2
Dina,80.65,85.73,100,24.48,91.22
Rafi,90.29,9.22,6.93,78.35,40.96
Lina,95.98,62.44,62.82,49.38,75.97
Galih,80.82,55.36,67.81,29.78,69.28
Rosa,38.39,100,100,79.66,93.84
Tari,71.93,89.85,93.87,45.62,83.89
Hadi,49.38,69.14,68.32,51.19,60.99
Sinta,32.92,88.02,98.52,38.74,69.13
Joko,85.68,97.8,90.79,57.44,90.85
Ayu,13.46,58.52,76.73,23.08,45.96
Dinda,91.16,4.7,5.12,41.29,39.41
Rani,51.53,0,0,87.55,10.97
Budi,67.35,86.49,100,30.65,84.39
Andi,69.34,96.27,84.91,62.54,82.09
Sari,90.56,0,0,36.02,19.4
Eka,67.3,64.71,51.95,71.88,61.92
Rizki,65.25,36.45,49.08,20.47,51.76
Fitri,16,28.27,19.33,87.59,20.68
Tono,56.66,100,100,46.3,98.25
Nina,23.52,29.68,36.69,28.88,29.32
Bayu,76.37,0,0,15.88,16.05
Wulan,56.1,59.45,77.55,23.58,63.54
Riko,71.22,80.65,79.39,51.58,76.5
Dewi,13.75,11.56,13.17,36.96,12.92
Fajar,17.63,100,90.07,76.31,69.28
Lia,74.47,45.57,48.17,44.47,57.91
Rian,16.49,19.03,23.28,29.9,19.29
Putri,16.41,33.09,30.13,59.37,25.53
Yusuf,11.09,100,86.66,66.54,61.12
Maya,96.09,0,0,23.36,36.67
Dina,76.38,92.34,100,23.41,94.45
Rafi,41.79,90.94,100,12.93,83.69
Lina,36.69,100,100,68.91,98.52
Galih,41.47,29.8,26.14,63.1,33.37
Rosa,79.72,100,100,47.97,97.28
Tari,69.52,39.82,30.18,77.53,48.81
Hadi,26.67,57.26,44.78,74.45,41.28
Sinta,25.67,7.35,6.86,56.83,14.53
Joko,18.86,13.78,10.24,79.46,14.75
Ayu,69.43,65.45,82.91,26.47,72.28
Dinda,78.79,27.73,37.92,18.95,51.21
Rani,33.85,25.5,30.67,31.58,30.39
Budi,11.89,82.97,100,14.57,65.26
Andi,17.4,43.54,42.46,52.49,32.76
Sari,97.11,45.31,31.84,84.93,61.99
Eka,36.59,37.65,54.66,13.15,42.33
Rizki,79.23,74.17,100,19.77,84.12
Fitri,66.22,93.79,97.45,46.18,83.86
Tono,44.37,68.87,48.5,84.71,52.96
Nina,28.51,46.58,53.97,35.29,41.57
Bayu,20.92,57.27,56.94,50.58,42.63
Wulan,65.35,76.72,100,13.33,82.51
Riko,79.72,10.96,14.55,21.87,39.54
Dewi,67.95,3.27,2.2,88.93,28.82
Fajar,57.73,0,0,87.21,17.62
Lia,13.78,62.14,92.82,10.4,52
Rian,97.16,28.59,19.83,86.14,53.39
Putri,81.88,93.12,83.3,61.13,85.68
Yusuf,36.35,29.39,21.85,79.43,29.91
Maya,98.2,8.2,8.5,46.38,44.29
Dina,64.17,95.75,94.56,51.25,82.76
Rafi,62.42,98.16,99.04,49.11,84.13
Lina,77.33,24.32,21.28,63.35,44.61
Galih,83.06,25.81,34.51,21.17,51.32
Rosa,69.08,13.08,19.14,12.4,37.3
Tari,21.53,100,100,34.63,93.93
Hadi,40.44,8.12,6.89,66.37,20.68
Sinta,93.53,83.12,100,26.15,94.04
Joko,30.22,100,92.23,63.87,71.55
Ayu,43.5,80.07,54.73,87.59,57.84
Dinda,48.89,0,0,17.51,12.94
Rani,49.55,58.76,51.17,63.81,52.8
Budi,65.16,33.62,35.17,45.5,46.7
Andi,94.88,0,0,79.45,24.51
Sari,31.66,81.88,100,24.17,69.08
Eka,20.94,100,100,65.41,97.4
Rizki,27.77,93.64,71.33,77.05,60.6
Fitri,89.82,75.39,52.62,85.57,74.33
Tono,68.12,0,0,64.66,16.16
Nina,35.73,55.43,55.56,49.77,47.59
Bayu,83.44,0,0,59.43,20.47
Wulan,87.52,57.65,42.82,79.51,65.15
Riko,86.19,100,97.15,55.65,94.46
Dewi,92.7,43.96,64.3,12.43,69.56
Fajar,32.7,7.48,5.28,84.48,16.91
Lia,77.95,19.26,16.54,65.16,41.92
Rian,51.45,69.55,60.38,64.12,59.56
Putri,85.78,17.69,22.23,27.25,46.29
Yusuf,75.56,97.15,85.54,62.71,85.03
Maya,79.88,81.98,89.25,41.51,83.32
Dina,69.05,66.17,58.63,62.1,65.06
Rafi,25.97,46.66,64.08,18.53,43.61
Lina,59.05,16.58,14.62,62.63,32.98
Galih,98.62,0,0,89.95,19.53
Rosa,94.36,5.73,8.26,13.86,41.94
Tari,13.89,82.63,56.15,88.17,47.19
Hadi,24.83,97.7,100,42.55,70.82
Sinta,21.86,100,85.86,79.66,69.23
Joko,75.34,0,0,72.59,16.31
Ayu,83.6,20.76,19.67,55.36,45.57
Dinda,29.22,26.79,22.12,69.08,26.36
Rani,55.53,3.64,2.68,80.28,24.11
Budi,85.66,80.45,86.87,42.33,84.46
Andi,75.95,0,0,36.16,13.77
Sari,58.8,43.05,37.65,63.41,47.73
Eka,63.13,0,0,74.63,25.14
Rizki,55.75,100,99.71,70.98,89.14
Fitri,36.78,84.71,66.68,73.83,60.13
Tono,60.85,10.52,11.08,44.85,30.82
Nina,72,49.63,38.44,75.43,55.22
Bayu,88.6,57.09,77.54,19.62,75.83
Wulan,67.27,100,100,53.56,96.23
Riko,78.5,0,0,10.46,29.84
Dewi,24.41,100,100,35.97,89.76
Fajar,51.54,100,100,39.32,94.09
Lia,10.84,100,100,41.69,92.48
Rian,32.2,97.59,83.44,65.64,67.19
Putri,75.38,58.17,63.59,41.08,66.68
Yusuf,99.26,10.75,11.2,45.9,46.29
Maya,18.93,100,100,29,77.72
Dina,46.13,62.29,68.94,39.86,57.82
Rafi,82.01,56.67,70.55,28.18,70.97
Lina,28.36,51.44,72.62,15.86,48.56
Galih,59.96,89.99,82.83,58.28,75.83
Rosa,75.98,95.71,83.65,63.46,84.2
Tari,65.44,0,0,59.56,23.18
Hadi,26.92,100,100,47.08,84.96
Sinta,41.98,66.38,73.08,40.38,58.63
Joko,80.54,100,76.64,79.07,86.02
Ayu,59.88,41.76,41.13,51.53,48.82
Dinda,10.47,65.98,67.09,48.33,44.11
Rani,78.49,82.33,100,12.05,92.36
Budi,13.18,42.67,48.46,37.3,32.61
Andi,77.12,87.48,96.29,40.42,85.98
Sari,28.22,67.6,73.3,41.91,53.56
Eka,96.23,30.58,28.68,56.41,56.27
Rizki,43.11,34.65,33.73,52.69,37.76
Fitri,39.42,79.63,73.04,58.63,61.57
Tono,23.4,55.13,44.57,71.19,39.27
Nina,37.5,0,0,75.04,13.53
Bayu,88.9,0,0,67.45,34.48
Wulan,99.67,0,0,86.44,10.57
Riko,43.15,100,100,11.46,98.05
Dewi,50.37,100,100,25.66,96.92
Fajar,74.99,20.83,31.05,10.61,45.56
Lia,89.76,69.97,62.18,61.8,75.55
Rian,63.37,30.47,22.1,81.84,41.12
Putri,45.24,78.23,96.12,29.48,70.4
Yusuf,47.14,100,87.94,84.16,82.49
Maya,72.61,90.88,100,14.82,95.21
Dina,10.29,81.98,57.7,84.75,46.02
Rafi,65.76,84.97,95.69,38.13,80.5
Lina,41.99,24,33.11,18.11,33.93
Galih,81.48,100,100,48.87,99.13
Rosa,18.37,7.48,9.09,30.54,12.32
Tari,62.94,59.63,70.85,32.79,64.32
Hadi,53.29,73.9,86.25,34.58,69.36
Sinta,67.81,83.71,65.61,74.24,71.92
Joko,15.84,24.54,23.78,53.13,20.83
Ayu,62.2,100,100,34.9,94.47
Dinda,60.53,3.65,3.34,58.83,26.31
Rani,60.46,75.81,63.74,67.29,66.05
Budi,64.31,6.54,7.85,31.81,30.04
Andi,70.88,14.96,16.03,43.08,37.65
Sari,82.45,37.06,50.27,19.75,59.18
Eka,34.28,49.2,63.59,24.49,47.55
Rizki,84.25,0,0,64.49,24.42
Fitri,54.84,5.01,6.47,24.52,25.38
Tono,16.94,68.78,67.4,52.01,47.63
Nina,15.27,100,100,66.72,78.16
Bayu,40.08,100,100,18.55,90.82
Wulan,80.64,0,0,55.38,17.57
Riko,73.69,23.93,29.09,30.53,45.38
Dewi,80.98,0,0,87.03,19.02
Fajar,56.55,0,0,48.68,11.49
Lia,49.62,92.98,72.7,74.48,69.55
Rian,23.27,93.36,89.68,54.02,64.22
Putri,39.54,12.06,17.45,13.47,24.67
Yusuf,49.06,20.04,18.01,60.65,31.04
Maya,17.97,9.72,6.75,86.11,12.13
Dina,29.86,100,100,58.13,85.15
Rafi,63.84,100,100,75.54,97.72
Lina,76.21,0,0,80.74,22.19
Galih,99.85,0,0,28.25,30.83
Rosa,93.98,74.57,93.99,26.96,88.16
Tari,67.83,100,100,58.88,93.38
Hadi,47.91,45.98,49.37,42.88,47.77
Sinta,67.26,0,0,77.19,14.56
Joko,80.71,0,0,82,13.55
Ayu,20.65,83.78,94.22,38.27,61.66
Dinda,46.89,39.67,49.01,28.95,45.36
Rani,85.58,0,0,72.44,12.58
Budi,44.54,67.75,81.16,31.98,62.49
Andi,61.47,0,0,75.81,11.02
Sari,62.9,90,95.67,43.9,80.86
Eka,26.6,47.91,41.89,63.4,37.58
Rizki,42.6,0,0,17.64,13.62
Fitri,40.11,82.05,74.3,59.91,62.95
Tono,12.36,66.76,69.39,46.14,45.79
Nina,12.18,100,100,56.93,97.64
Bayu,84.85,36.19,47.28,23.44,58.98
Wulan,34.58,38.2,31.59,68.95,34.77
Riko,56.63,97.71,72.95,79.02,73.85
Dewi,36.89,29.07,36.51,27.34,34.43
Fajar,94.66,74.77,100,17.66,91.38
Lia,33.34,40.99,60.29,11.89,43.72
Rian,48.67,70.49,62.92,61.36,59.49
Putri,88.55,0,0,58.57,14.55
Yusuf,85.77,23.84,22.97,53.74,48.35
Maya,26.75,100,100,28.56,84.91
Dina,82.24,79.08,86.3,41.27,82.51
Rafi,51.24,16.77,15.55,57.56,30.19
Lina,53.47,14.92,14.96,49.74,30.35
Galih,22.01,100,100,89.02,83.56
Rosa,17.25,100,100,20.92,93.74
Tari,75.51,0,0,65.61,18.58
Hadi,54.68,45.9,49.56,42.35,50.51
Sinta,49.32,33.42,35.39,44.26,40.37
Joko,75.66,100,88.4,67.41,88.36
Ayu,78.9,0,0,65.39,17.52
Dinda,24.3,38.45,25.82,89.3,29
Rani,64.92,73.43,99.07,20.27,77.72
Budi,22.18,8.06,11.1,18.33,14.62
Andi,77.62,42.29,35.32,67.95,54.33
Sari,69.13,38.05,35.74,56.27,49.79
Eka,96.1,2.52,3.02,31.93,40.1
Rizki,16.21,54.1,75.99,16.35,45.51
Fitri,15.13,71.8,100,16.85,57.69
Tono,35.4,19.99,14.54,81.54,24.52
Nina,33.55,70.23,89.97,25.35,61.48
Bayu,32.23,100,100,35.87,82.49
Wulan,91.56,62.03,77.26,28.13,78.41
Riko,32.46,17.06,19.16,38.4,23.85
Dewi,34.48,13.3,18.83,15.55,23.43
Fajar,78.35,4.7,4.63,51.52,34.14
Lia,50.48,30.75,43.61,15.41,42.5
Rian,79.9,27.63,21.7,74.03,46.76
Putri,15.88,96.52,100,28.7,71.17
Yusuf,53.88,0,0,53.2,15.1
Maya,13.03,15.18,11.18,80.41,13.12
Dina,15.64,68.95,61.1,62.07,45.27
Rafi,91.58,60.97,59.39,52.64,72.74
Lina,22.53,28.51,32.82,35.95,27.41
Galih,57.92,69.32,79.25,36.64,67.74
Rosa,47,25.95,22.65,63.56,33.38
Tari,41.26,100,97.95,89.53,89.75
Hadi,90.99,96.21,84.51,62.95,90.61
Sinta,11.96,54.53,52.06,54.62,36.76
Joko,69.74,5.1,4.24,68.45,30.7
Ayu,96.71,13.7,14.09,47.22,47.02
Dinda,60.42,10.28,14.66,14.81,31.65
Rani,94.31,56,53.28,54.98,70.51
Budi,14.7,100,100,86.61,84.35
Andi,47.69,74.69,96.99,24.02,70.58
Sari,33.41,100,100,65.2,84.19
Eka,75.77,22.63,28.78,26.07,45.73
Rizki,98.32,0,0,52.87,24.07
Fitri,33.09,88.32,100,17.73,76.42
Tono,68.88,24.32,25.31,46.03,42.44
Nina,27.83,100,88.67,70.49,70.41
Bayu,60.88,15.66,17.7,37.81,34.36
Wulan,51.75,0,0,63.19,17.31
Riko,97.48,100,88.68,73.64,99.33
Dewi,64.77,0,0,84.17,24.06
Fajar,41.46,100,100,28.77,98.96
Lia,20.27,100,100,41.95,97.96
Rian,23.61,100,100,22.19,81.44
Putri,30.28,100,76.6,89.4,69.35
Yusuf,32.59,95.55,67.67,84.16,62
Maya,86.56,90.3,87.46,53.2,87.95
Dina,60.51,22.44,17.04,77.36,36.05
Rafi,57.11,49.15,48.33,51.68,52.09
Lina,20.33,100,91.28,59.89,65.75
Galih,87.41,16.78,23.38,17.13,47.01
Rosa,75.05,33.89,27.61,70.42,48.47
Tari,16.09,47.23,63.75,20.22,39.73
Hadi,73.71,58.96,45.36,76.09,60.78
Sinta,58.92,100,93.13,72.56,86.55
Joko,17.36,38.28,32.38,66.7,28.14
Ayu,51.25,99.91,100,12.89,94.1
Dinda,53.62,77.65,90.92,34.25,72.02
Rani,24.92,100,100,31.05,84.09
Budi,95.11,34.64,38.75,38.81,60.06
Andi,86.5,63.41,88.46,17.01,80.16
Sari,70.21,0,0,84.96,11.46
Eka,51.61,100,100,54.3,83.65
Rizki,47.06,0,0,34.44,13.61
Fitri,68.59,100,100,41.76,90.09
Tono,59.09,100,100,45.78,99.28
Nina,15.6,52.41,48.36,58.05,36.47
Bayu,56.13,10.86,10.73,51.25,28.93
Wulan,82.58,89.23,63.59,83.55,78.88
Riko,51.33,20.37,20.42,49.76,32.77
Dewi,14.68,100,100,89.37,87.9
Fajar,80.77,0,0,78.11,19.26
Lia,28.12,14.86,18.78,26.68,21.34
Rian,33.28,100,100,84.45,98.12
Putri,24.82,85.67,100,19.31,70.65
Yusuf,39.72,100,100,75.4,86.22
Maya,78.11,12.61,13.88,40.45,39.19
Dina,56.74,92.45,68.17,80.24,70.88
Rafi,28.44,99.62,74.06,79.44,63.48
Lina,89,53.65,41.95,74.47,64.28
Galih,89.16,66.53,52.69,73.2,71.43
Rosa,88.35,40.62,47.51,34.37,61.78
Tari,31.49,49.98,70.1,16.47,48.62
Hadi,50.61,23.37,25.25,42.24,34.83
Sinta,98.65,57.54,74.83,23.88,79.17
Joko,79.48,0,0,65.6,30.36
Ayu,12.45,100,100,37.69,72.31
Dinda,15.87,48.9,33.27,88.05,31
Rani,51.75,80.25,71.68,61.28,66.28
Budi,91.83,76.22,58.8,75.8,77.24
Andi,58.48,8.94,12.02,20.6,29.68
Sari,54.8,0,0,78.96,15.39
Eka,19.49,27.27,19.38,83.82,21.79
Rizki,69.11,61.18,61.81,48.96,64.54
Fitri,83.99,91.83,84.35,58.5,86.45
Tono,44.24,0,0,71.18,14.05
Nina,79.81,64.01,83.15,23.99,76.07
Bayu,96.8,3.34,3.33,50.21,40.72
Wulan,28.34,66.74,72.38,41.89,53.07
Riko,57.1,100,100,21.71,93.6
Dewi,35.84,40.32,44.83,39.4,39.88
Fajar,81.36,26.66,37.79,15.45,51.88
Lia,61.98,0,0,12.06,11.23
Rian,67.11,0,0,20.81,17.34
Putri,81.81,1.08,0.74,87.05,33.27
Yusuf,45.64,0,0,53.96,12.51
Maya,92.36,59.07,40.52,87.27,66.82
Dina,57.97,40.85,43.12,44.6,48.38
Rafi,24.22,76.51,88.96,34.95,59.33
Lina,72.63,0,0,50.49,25.72
Galih,81.39,6.63,6.95,45.16,36.63
Rosa,38.51,76.28,100,18.45,69.74
Tari,87.15,100,97.54,61.27,96.88
Hadi,91.55,0,0,27.28,14.54
Sinta,34.92,100,100,59.57,90.13
Joko,98.52,39.77,35.27,62.02,61.92
Ayu,22.66,74.15,98.13,22.16,60.75
Dinda,28.18,60.13,85.73,14.91,55.03
Rani,26.58,10.41,8.31,72.46,16.25
Budi,90.46,0,0,46.78,18.09
Andi,68.89,50.11,71.63,14.65,64.08
Sari,23.69,62.32,41.73,89.59,40.69
Eka,49.63,99.73,100,14.62,92.55
Rizki,65.38,36.72,31.41,65.6,46.59
Fitri,17.51,31.62,21.37,88.69,22.9
Tono,89.42,57.55,70.96,29.13,74.32
Nina,82.32,4.96,6.61,21.38,36.4
Bayu,55.47,49.64,67.36,19.71,57.29
Wulan,97.04,52.18,61.1,34.26,72.8
Riko,47.6,100,100,18.08,91.02
Dewi,98.57,75.15,64.42,65.37,81.3
Fajar,70.11,58.88,83.87,14.98,70.87
Lia,67.12,74.15,73.59,50.75,71.17
Rian,24.94,100,100,89.74,95.13
Putri,89.37,1.64,1.27,75.12,36.62
Yusuf,48.47,0,0,59.22,10.1
Maya,24.6,37.88,44.25,34.5,34.48
Dina,11.13,44.01,39.85,59.91,29.61
Rafi,60.38,76.52,74.88,52.16,69.57
Lina,57.47,71.23,75.57,44.09,67.03
Galih,74.74,47.61,64.11,20.46,63.41
Rosa,90.12,0,0,80.93,11.46
Tari,17.15,100,100,45.98,75.59
Hadi,75.83,12.86,16.44,25.57,39.12
Sinta,26.87,93.31,100,39.42,69.86
Joko,87.24,40.55,43.43,43.13,60.09
Ayu,83.72,13.88,10.66,76.2,40.85
Dinda,58.67,0,0,68.69,22.11
Rani,73.92,0,0,71.54,18.5
Budi,38.29,93.21,100,10.88,84.84
Andi,52.41,100,100,43.29,92.66
Sari,83.95,57.73,58.6,48.51,68.48
Eka,51.33,0,0,11.54,19.31
Rizki,42.2,44.14,53.52,30.79,46.18
Fitri,54.48,99.02,80.34,70.82,75.6
Tono,84.54,66.06,88.49,20.97,80.18
Nina,40.17,7.73,7.51,52.82,20.64
Bayu,25.64,0,0,27.22,10
Wulan,74.08,59.64,88.56,10.97,74.09
Riko,84.34,12.48,15.36,29.3,42.09
Dewi,19.06,50.15,34.11,88.07,32.9
Fajar,31.59,0,0,74.12,11.16
Lia,22.78,97.7,67.36,86.77,58.63
Rian,41.31,100,100,49.03,86.6
Putri,50.53,100,100,18.78,96.19
Yusuf,77.39,50.9,48.98,53.84,60.92
Maya,68.6,47.22,48.98,46.35,56.3
Dina,65.88,0,0,77.55,17.66
Rafi,41.71,59.75,82.64,17.85,59.4
Lina,85.73,16.44,16.59,49.06,44.2
Galih,52.42,62.6,82.98,22,64.64
Rosa,98.12,8.9,10.24,35.97,44.99
Tari,67.07,8.76,7.24,68.99,31.63
Hadi,21.36,16.52,16.84,48.08,18.55
Sinta,70.86,15.83,17.49,40.07,38.34
Joko,39.26,4.78,5.2,41.56,18.7
Ayu,71.77,0,0,46.76,25.92
Dinda,16.27,100,100,72.8,98.86
Rani,25.74,76.49,55.75,81.37,49.97
Budi,87.02,45.44,31.44,86.43,57.87
Andi,30.45,100,100,72.95,88.63
Sari,85.33,100,100,35.23,99.6
Eka,35.13,86.72,74.58,65.05,62.44
Rizki,67.86,90.96,95.62,45.01,83.12
Fitri,72.47,15.68,19.09,30.37,39.42
Tono,56.14,28.53,21.68,77.27,37.52
Nina,37.48,42.46,61.7,13.07,46.24
Bayu,29.14,100,82.35,82.14,70.53
Wulan,12.99,100,100,46.92,71.4
Riko,37.36,41.19,36.9,60.98,38.37
Dewi,68.78,0,0,62.75,21.99
Fajar,94.45,56.24,40.89,81.61,66.92
Lia,88.41,0,0,60.93,21.55
Rian,78.95,53.12,48.48,59.11,62.06
Putri,80.96,55.15,78.27,15.33,72.41
Yusuf,69.85,75.75,74.65,51.47,73.06
Maya,33.43,92.37,100,22.01,77.81
Dina,91.65,94.72,78.28,68.99,88.56
Rafi,70.37,44.97,44.53,50.98,55
Lina,60.44,92.1,79.71,64.42,75.72
Galih,19.99,78.58,100,13.33,65.73
Rosa,50.23,9.32,13.04,16.78,26.8
Tari,51.43,0,0,67.31,12.31
Hadi,87.81,0.67,0.95,15.77,35.61
Sinta,59.2,36.16,51.14,15.7,49.87
Joko,44.24,64.18,95.3,10.97,65.54
Ayu,97.91,93.3,64.49,86.52,86.5
Dinda,19.96,35.91,29.68,69,27.66
Rani,48.03,3.28,3.68,38.26,21.3
Budi,13.78,100,100,33.72,96.71
Andi,76.59,0,0,37.98,19.72
Sari,92.63,29.61,23.75,71.97,53.06
Eka,35.2,86.26,75.8,62.91,62.7
Rizki,87.25,34.7,44.7,24.82,58.72
Fitri,36.3,4.67,6.07,23.93,17.74
Tono,91.97,0,0,17.87,15.13
Nina,77.86,0,0,62.82,19.49
Bayu,82.44,54.78,44.3,71.15,62.7
Wulan,11.62,82.06,99.08,31.2,58.99
Riko,96.65,0,0,11.68,31.04
Dewi,75.4,51.69,72.44,16.57,67.4
Fajar,37.43,100,93.26,87.43,83.81
Lia,84.65,0,0,33.64,13.74
Rian,35.34,75.13,60.52,71.54,54.83
Putri,88.55,64.08,57.99,59.97,72.04
Yusuf,20.13,39.16,43.04,40.56,32.71
Maya,73.33,12.3,15.59,26.45,37.7
Dina,58.66,59.07,80.15,19.71,65.23
Rafi,18.69,100,100,59.2,90.81
Lina,31.77,100,100,71.97,82.89
Galih,11.12,100,91.15,61.51,62.48
Rosa,52.19,92.51,90.3,52.42,75.72
Tari,37.11,38.1,55.19,13.36,42.83
Hadi,63.85,83.41,57.09,87.48,67.69
Sinta,36.75,69.52,54.68,73.9,51.96
Joko,36.99,18.79,22.19,33.43,27.09
Ayu,76.89,84.24,57.1,88.4,73.16
Dinda,14.33,94.27,86.89,58.15,60.08
Rani,91.26,9.94,9.31,56.59,42.28
Budi,86.7,100,86.08,69.85,92.02
Andi,70.1,0,0,74.94,11.88
Sari,63.39,23.14,20.41,62.52,38.42
Eka,90.31,0,0,20.25,15.12
Rizki,26.68,100,100,37.06,78.99
Fitri,17.11,100,91.64,84.25,73.19
Tono,31.56,40.33,50.32,27.97,39.82
Nina,81.51,60.42,66.93,39.77,70.81
Bayu,13.12,65.47,69.13,44.57,45.63
Wulan,62.45,86.32,90.61,45.15,78.06
Riko,99.59,19.24,17.58,59.04,50.88
Dewi,87.01,24.14,16.88,85.45,47.11
Fajar,56.93,100,100,29.26,94.13
Lia,15.73,37.18,50.45,19.72,32.58
Rian,84.82,0,0,25.8,20.84
Putri,63.91,71.3,52.19,80.95,62.61
Yusuf,20.34,100,100,61.66,97.24
Maya,18.45,55.82,66.28,32.87,44.01
Dina,91.87,0,0,75.28,15.58
Rafi,70.23,23.75,17.75,78.91,40.54
Lina,84.64,41.13,31.12,77.72,55.53
Galih,89.11,0,0,83.51,24.57
Rosa,61.46,67.04,81.78,30.18,69.23
Tari,56.57,100,100,70.4,99.8
Hadi,48.74,51.12,52.76,46.84,50.66
Sinta,38.53,50.24,38.15,77.36,41.93
Joko,49.11,48.05,40,68.28,46.06
Ayu,79.65,0,0,72.12,20.36
Dinda,64.17,100,99.73,62.49,89.49
Rani,90.33,16.26,21.07,24.19,47.33
Budi,49.9,42.23,40.74,53.6,44.85
Andi,64.64,86.58,58.46,88.77,69.37
Sari,66.82,45.14,31.7,84.99,49.78
Eka,63.25,58.63,84.84,13.45,68.34
Rizki,73.24,0,0,23.19,15.53
Fitri,31.37,100,100,20.54,83.24
Tono,56.11,100,100,68.08,94.65
Nina,19.38,100,88.22,75.42,68.39
Bayu,44.61,100,100,27.08,95.91
Wulan,53.89,3.46,3.45,50.47,23.63
Riko,68.7,48.27,36.69,77.26,52.97
Dewi,95.55,47.26,39.21,68.62,64.16
Fajar,64.06,62.26,60.19,53.38,62.36
Lia,76.92,26.53,24.68,57.23,46.13
Rian,55.56,30.44,30.24,50.67,40.43
Putri,67.07,0,0,33.8,21.41
Yusuf,16.38,66.19,62.84,55.2,45.26
Maya,32.9,20.58,17.69,65.11,24.64
Dina,42.57,100,83.74,79.87,76.09
Rafi,52.52,13.68,12.26,60.9,28.79
Lina,14.11,17.72,14.37,70.89,15.27
Galih,22.6,72.97,95.93,22.81,59.71
Rosa,34.91,81.41,83.95,46.92,63.57
Tari,97.44,66.3,98.68,10.75,88.47
Hadi,39.82,68.9,84.44,29.73,61.93
Sinta,53.38,35.88,29.92,68.12,41.09
Joko,27.65,100,95.34,89.34,82.27
Ayu,64.97,45.68,63.13,17.93,58.63
Dinda,35.26,4.86,5.26,42.12,17.14
Rani,28.63,92.36,72.57,74.01,60.93
Budi,56.49,100,100,26.32,91.72
Andi,10.5,70.64,67.59,54.41,45.67
Sari,10.69,59.02,48.96,68.65,36.67
Eka,29.72,19.22,17.52,59.28,22.91
Rizki,13.3,26.71,34.32,25.04,23.63
Fitri,19.72,64.48,72.4,38.43,48.95
Tono,40.5,87.99,70.05,72.7,63.61
Nina,82.23,0,0,54.34,17.26
Bayu,61.48,93.53,100,10.42,94.56
Wulan,56.14,100,82.85,70.88,77.96
Riko,36.41,65.45,95.34,12.82,62.8
Dewi,93.86,86.06,70.66,69.66,84.56
Fajar,45.73,0,0,26.2,17.22
Lia,17.84,90.29,62.33,86.65,52.92
Rian,65.54,63.92,71.06,39.44,66.71
Putri,20.25,100,100,36.15,84.58
Yusuf,41.07,91.8,100,21.91,80.51
Maya,55.67,19.48,22.76,34.45,34.94
Dina,88.68,100,83.81,80.13,94.68
Rafi,54.42,0,0,89.71,21.19
Lina,73.2,93.91,100,39.46,88.76
Galih,99.35,94.09,98.04,45.89,97.38
Rosa,21.83,31.23,26.13,67.77,25.94
Tari,34.73,100,86.1,80.9,74.99
Hadi,45.51,0,0,57.44,13.63
Sinta,47.96,43.54,47.48,41.32,46.49
Joko,46.99,60.6,64.98,43.01,56.47
Ayu,91.68,45.98,39.31,65.65,62.26
Dinda,74.26,86.17,100,10.26,94.23
Rani,64.71,77.92,70.8,59.57,70.5
Budi,37.84,59.96,67.32,38.44,53.32
Andi,84.14,91.68,72.37,73.54,82.87
Sari,95.96,79.77,100,17.44,95.55
Eka,83.91,0,0,57.06,11.99
Rizki,10.14,100,100,48.48,98.43
Fitri,67.28,0,0,61.39,17.75
Tono,14.6,100,100,15.19,83.29
Nina,33.18,37.77,35.43,56.4,35.23
Bayu,15.36,26.91,25.61,54.92,21.9
Wulan,64.34,40.72,38.79,54.85,49.59
Riko,71.79,68.11,62.7,58.28,67.96
Dewi,20.3,64.54,56.03,64.12,44.29
Fajar,44.55,0,0,74.4,14.91
Lia,51.06,65.86,79.22,31.59,63.95
Rian,43.21,100,100,76,91.22
Putri,20.89,60.18,60.27,49.86,44.49
Yusuf,47.71,14.38,20.24,16.16,29.47
Maya,77.61,25.78,36.84,14.68,49.83
Dina,16.39,12.13,13.85,36.74,14.35
Rafi,17.22,100,100,72.79,83.84
Lina,41.93,100,100,66.61,84.37
Galih,94.76,46.51,36.88,73.09,62.92
Rosa,70.17,23.01,22.7,51.38,41.78
Tari,71.08,87.11,91.38,45.22,81.98
Hadi,42.57,61.41,81.57,21.8,59.92
Sinta,63.43,91.51,100,36.26,84.33
Joko,10.91,100,100,44.72,66.83
Ayu,67.25,74.77,100,17.09,80.6
Dinda,92.2,39.96,50.01,27.65,63.87
Rani,65.13,36.75,33.97,57.86,47.27
Budi,88.63,100,91.73,68.85,96.22
Andi,75.16,57.24,38.21,89.87,58.7
Sari,20.85,100,77.33,84.65,64.46
Eka,91.22,0,0,61.41,29.84
Rizki,15.98,96.72,100,43.7,66.31
Fitri,58.06,67.16,60.22,60.89,61.44
Tono,22.79,32.54,25.87,72.85,26.64
Nina,11.05,15.45,21.02,19.47,15.36
Bayu,47.98,72.62,78.04,42.79,64.39
Wulan,36.55,100,92.33,77.18,78.73
Riko,53.74,56.6,62.11,40.71,57.11
Dewi,61.95,9.65,9.11,55.75,30.41
Fajar,13.94,100,100,57.02,69.99
Lia,21.07,12.79,16.48,24.76,17.21
Rian,60.28,40.41,45.12,38.98,49.77
Putri,40.89,12.99,14.83,36.76,24.7
Yusuf,75.63,0,0,12.1,26.6
Maya,68.71,0.98,1.44,11.94,28.21
Dina,86.1,19.56,14.98,76.54,44.8
Rafi,72.32,0,0,31.85,14.6
Lina,48.69,44.19,43.56,51.45,45.8
Galih,70.57,42.64,50.1,33.9,56.05
Rosa,34.78,77.61,54.35,85.25,53.5
Tari,37.57,44.32,53.76,30.74,44.45
Hadi,81.01,86.04,91.02,44.37,85.52
Sinta,50.18,5.76,4.27,79.82,23.08
Joko,81.85,43.14,32.76,77.35,55.51
Ayu,84.02,0,0,24.89,15.58
Dinda,87.18,0,0,74.21,16.4
Rani,92.5,40.4,41.77,46.65,61.65
Budi,48.79,68.57,69.51,48.64,60.94
Andi,38.7,100,100,20.68,89.02
Sari,62.4,48.89,68.61,16.45,60.21
Eka,43.41,100,100,68.24,96.38
Rizki,64.1,0,0,49.72,14.38
Fitri,73.5,0,0,44.95,18.82
Tono,71.96,0,0,68.36,13.97
Nina,43.71,16.94,13.68,71.24,26.67
Bayu,25.02,70.1,92.24,22.71,58.71
Wulan,48.75,84.57,77.43,58.82,68.1
Riko,22.83,7.07,9.49,20.83,14.1
Dewi,90.11,100,88.59,70.11,95.14
Fajar,41.13,100,100,62.56,85.79
Lia,23.9,53.5,36.97,86.53,36.7
Rian,12.29,16.6,23.51,15.52,16.95
Putri,68.12,0,0,14.56,25.29
Yusuf,67.32,0,0,32.57,21.42
